id,name,brand,address,city,state,zip_code,latitude,longitude,phone,hours,features
1,KFC #1,KFC,4606 Highland Dr,Los Angeles,CA,90038,34.066143,-118.291199,(902) 954-2679,24 Hours,"dine-in,takeout"
2,Taco Bell #2,Taco Bell,1635 Market St,New York,NY,10039,40.721849,-74.052822,(108) 816-1434,24 Hours,"dine-in,delivery,takeout"
3,Pizza Hut #3,Pizza Hut,6973 Highland Dr,Chicago,IL,60667,41.899702,-87.609668,(609) 484-1106,10:00 AM - 10:00 PM,dine-in
4,Habit Burger #4,Habit Burger,5614 Elm St,Houston,TX,77021,29.744425,-95.404252,(776) 299-6881,6:00 AM - 12:00 AM,"drive-thru,takeout"
5,KFC #5,KFC,8885 Elm St,Phoenix,AZ,85058,33.479113,-112.051027,(851) 765-5803,6:00 AM - 12:00 AM,"dine-in,delivery,takeout"
6,Taco Bell #6,Taco Bell,3833 Commerce Blvd,Philadelphia,PA,19147,39.973057,-75.210618,(191) 438-2654,8:00 AM - 10:00 PM,"drive-thru,takeout"
7,Pizza Hut #7,Pizza Hut,2764 1st Ave,San Antonio,TX,78255,29.419441,-98.460189,(783) 886-5374,7:00 AM - 10:00 PM,"drive-thru,dine-in,takeout"
8,Habit Burger #8,Habit Burger,7673 2nd St,San Diego,CA,92144,32.719114,-117.186619,(928) 424-6313,6:00 AM - 11:00 PM,"dine-in,delivery,takeout"
9,KFC #9,KFC,6672 Sunset Blvd,Dallas,TX,75218,32.80888,-96.766495,(753) 780-6155,9:00 AM - 11:00 PM,"drive-thru,dine-in"
10,Taco Bell #10,Taco Bell,7617 Park Blvd,San Jose,CA,95143,37.327763,-121.844845,(952) 452-9830,10:00 AM - 12:00 AM,dine-in
11,Pizza Hut #11,Pizza Hut,3693 Park Blvd,Austin,TX,78775,30.306982,-97.75316,(787) 293-1771,7:00 AM - 10:00 PM,"drive-thru,dine-in,takeout"
12,Habit Burger #12,Habit Burger,7016 Lake Rd,Jacksonville,FL,32218,30.344945,-81.626492,(326) 590-8668,24 Hours,"drive-thru,takeout"
13,KFC #13,KFC,288 Spring St,Fort Worth,TX,76124,32.802608,-97.294722,(768) 968-5371,6:00 AM - 12:00 AM,"dine-in,takeout"
14,Taco Bell #14,Taco Bell,153 Hillcrest Ave,Columbus,OH,43243,39.94055,-83.032984,(438) 980-3927,24 Hours,"dine-in,takeout"
15,Pizza Hut #15,Pizza Hut,8417 Lake Rd,Charlotte,NC,28235,35.264152,-80.863256,(282) 582-3646,24 Hours,"drive-thru,dine-in,delivery"
16,Habit Burger #16,Habit Burger,1932 Harbor Blvd,Indianapolis,IN,46256,39.778294,-86.159239,(464) 445-1949,9:00 AM - 11:00 PM,"dine-in,takeout"
17,KFC #17,KFC,1233 Commerce Blvd,San Francisco,CA,94178,37.733465,-122.420801,(942) 331-8787,24 Hours,"drive-thru,dine-in,takeout"
18,Taco Bell #18,Taco Bell,7032 Market St,Seattle,WA,98179,47.582706,-122.294857,(983) 930-6107,8:00 AM - 10:00 PM,"dine-in,takeout,delivery,drive-thru"
19,Pizza Hut #19,Pizza Hut,2082 Highland Dr,Denver,CO,80238,39.73301,-104.988542,(801) 546-1344,24 Hours,"dine-in,delivery,takeout"
20,Habit Burger #20,Habit Burger,1064 Highland Dr,Nashville,TN,37218,36.171544,-86.830881,(370) 538-2160,24 Hours,"dine-in,delivery,takeout"
21,KFC #21,KFC,8934 Park Blvd,Oklahoma City,OK,73183,35.445448,-97.517859,(739) 684-4981,11:00 AM - 11:00 PM,dine-in
22,Taco Bell #22,Taco Bell,7162 1st Ave,Las Vegas,NV,89164,36.138941,-115.180107,(896) 678-1887,7:00 AM - 10:00 PM,"drive-thru,dine-in,delivery"
23,Pizza Hut #23,Pizza Hut,1890 Highland Dr,Portland,OR,97234,45.505462,-122.69447,(973) 749-8350,10:00 AM - 10:00 PM,dine-in
24,Habit Burger #24,Habit Burger,1335 4th St,Memphis,TN,38180,35.117849,-90.052737,(381) 251-9856,6:00 AM - 11:00 PM,"dine-in,takeout"
25,KFC #25,KFC,2824 3rd Ave,Louisville,KY,40272,38.295337,-85.72363,(407) 418-7570,6:00 AM - 11:00 PM,"drive-thru,dine-in,takeout"
26,Taco Bell #26,Taco Bell,4445 Harbor Blvd,Atlanta,GA,30368,33.736897,-84.339469,(304) 633-8973,10:00 AM - 10:00 PM,"dine-in,delivery,takeout"
27,Pizza Hut #27,Pizza Hut,9589 Hillcrest Ave,Miami,FL,33179,25.741371,-80.144929,(330) 965-6138,6:00 AM - 11:00 PM,"drive-thru,dine-in,delivery"
28,Habit Burger #28,Habit Burger,8801 Washington Ave,Minneapolis,MN,55417,44.986218,-93.264715,(558) 282-4044,7:00 AM - 10:00 PM,"dine-in,takeout"
29,KFC #29,KFC,2064 Airport Rd,Tampa,FL,33682,27.968121,-82.48368,(333) 792-1651,7:00 AM - 10:00 PM,dine-in
30,Taco Bell #30,Taco Bell,5283 Harbor Blvd,Detroit,MI,48243,42.347137,-83.039277,(483) 885-6147,9:00 AM - 11:00 PM,"drive-thru,takeout"
31,Pizza Hut #31,Pizza Hut,5015 4th St,Los Angeles,CA,90050,34.041779,-118.226531,(901) 209-8508,7:00 AM - 10:00 PM,"dine-in,takeout"
32,Habit Burger #32,Habit Burger,2270 Harbor Blvd,New York,NY,10054,40.716563,-74.005412,(101) 450-7054,10:00 AM - 12:00 AM,"drive-thru,dine-in,takeout"
33,KFC #33,KFC,5056 Lake Rd,Chicago,IL,60693,41.871918,-87.625478,(608) 208-5905,7:00 AM - 10:00 PM,"drive-thru,dine-in,takeout"
34,Taco Bell #34,Taco Bell,9164 Park Blvd,Houston,TX,77044,29.736847,-95.330829,(774) 819-4450,6:00 AM - 12:00 AM,"dine-in,delivery,takeout"
35,Pizza Hut #35,Pizza Hut,8380 5th Ave,Phoenix,AZ,85042,33.46715,-112.038709,(850) 294-7939,10:00 AM - 12:00 AM,"drive-thru,dine-in,delivery"
36,Habit Burger #36,Habit Burger,4391 Washington Ave,Philadelphia,PA,19166,39.902955,-75.138088,(198) 922-8007,24 Hours,"drive-thru,dine-in,delivery"
37,KFC #37,KFC,2542 Cedar Ln,San Antonio,TX,78214,29.385287,-98.449095,(785) 796-3426,8:00 AM - 10:00 PM,"drive-thru,dine-in,takeout"
38,Taco Bell #38,Taco Bell,753 Airport Rd,San Diego,CA,92155,32.669883,-117.174635,(923) 898-5088,7:00 AM - 10:00 PM,"dine-in,takeout,delivery,drive-thru"
39,Pizza Hut #39,Pizza Hut,6758 Lake Rd,Dallas,TX,75229,32.804712,-96.758587,(753) 366-3900,8:00 AM - 10:00 PM,"drive-thru,dine-in,delivery"
40,Habit Burger #40,Habit Burger,6845 Industrial Pkwy,San Jose,CA,95195,37.306136,-121.843851,(953) 473-3608,7:00 AM - 10:00 PM,dine-in
41,KFC #41,KFC,3744 Market St,Austin,TX,78768,30.304417,-97.707241,(785) 512-4728,9:00 AM - 11:00 PM,"drive-thru,dine-in,delivery"
42,Taco Bell #42,Taco Bell,4664 College St,Jacksonville,FL,32218,30.348203,-81.665853,(324) 559-9346,8:00 AM - 10:00 PM,"dine-in,takeout,delivery,drive-thru"
43,Pizza Hut #43,Pizza Hut,4379 Washington Ave,Fort Worth,TX,76184,32.799424,-97.369266,(764) 239-2776,8:00 AM - 10:00 PM,"dine-in,takeout,delivery,drive-thru"
44,Habit Burger #44,Habit Burger,8479 Elm St,Columbus,OH,43259,39.984055,-83.017432,(439) 394-5173,6:00 AM - 11:00 PM,dine-in
45,KFC #45,KFC,8921 Spring St,Charlotte,NC,28295,35.177269,-80.800542,(283) 572-8066,7:00 AM - 10:00 PM,"dine-in,takeout,delivery,drive-thru"
46,Taco Bell #46,Taco Bell,2141 Hillcrest Ave,Indianapolis,IN,46248,39.780716,-86.141761,(468) 516-7691,6:00 AM - 12:00 AM,dine-in
47,Pizza Hut #47,Pizza Hut,3243 3rd Ave,San Francisco,CA,94195,37.794621,-122.413959,(946) 893-3851,10:00 AM - 12:00 AM,dine-in
48,Habit Burger #48,Habit Burger,4800 Market St,Seattle,WA,98165,47.610994,-122.382059,(989) 821-6279,11:00 AM - 11:00 PM,"drive-thru,dine-in"
49,KFC #49,KFC,7852 Industrial Pkwy,Denver,CO,80231,39.733416,-105.01893,(801) 490-9445,6:00 AM - 12:00 AM,"dine-in,takeout"
50,Taco Bell #50,Taco Bell,5185 Highland Dr,Nashville,TN,37235,36.194542,-86.756486,(372) 225-1757,9:00 AM - 11:00 PM,"drive-thru,dine-in"
51,Pizza Hut #51,Pizza Hut,7561 3rd Ave,Oklahoma City,OK,73190,35.478727,-97.489551,(739) 399-7291,11:00 AM - 11:00 PM,dine-in
52,Habit Burger #52,Habit Burger,190 Airport Rd,Las Vegas,NV,89123,36.144298,-115.124194,(896) 424-3881,24 Hours,"drive-thru,dine-in"
53,KFC #53,KFC,2088 4th St,Portland,OR,97227,45.470222,-122.70348,(977) 883-9702,24 Hours,"dine-in,takeout,delivery,drive-thru"
54,Taco Bell #54,Taco Bell,8370 3rd Ave,Memphis,TN,38180,35.194504,-90.009857,(387) 362-8777,11:00 AM - 11:00 PM,"drive-thru,takeout"
55,Pizza Hut #55,Pizza Hut,4643 Commerce Blvd,Louisville,KY,40276,38.277878,-85.724514,(407) 841-4919,10:00 AM - 12:00 AM,"drive-thru,dine-in"
56,Habit Burger #56,Habit Burger,4551 Central Ave,Atlanta,GA,30350,33.706748,-84.409427,(308) 282-3267,10:00 AM - 10:00 PM,"dine-in,delivery,takeout"
57,KFC #57,KFC,3605 Oak Ave,Miami,FL,33163,25.750004,-80.226519,(336) 538-9890,11:00 AM - 11:00 PM,dine-in
58,Taco Bell #58,Taco Bell,6481 Airport Rd,Minneapolis,MN,55484,44.934027,-93.231711,(550) 983-7232,11:00 AM - 11:00 PM,"drive-thru,dine-in,delivery"
59,Pizza Hut #59,Pizza Hut,6489 College St,Tampa,FL,33663,27.994874,-82.477339,(338) 965-9947,9:00 AM - 11:00 PM,"drive-thru,dine-in"
60,Habit Burger #60,Habit Burger,575 2nd St,Detroit,MI,48253,42.303342,-83.052216,(486) 941-3704,11:00 AM - 11:00 PM,"drive-thru,dine-in,takeout"
61,KFC #61,KFC,6555 Pine St,Los Angeles,CA,90082,34.100272,-118.240288,(900) 285-8022,10:00 AM - 10:00 PM,"drive-thru,dine-in"
62,Taco Bell #62,Taco Bell,5463 Market St,New York,NY,10068,40.680973,-74.029984,(105) 545-7211,10:00 AM - 12:00 AM,dine-in
63,Pizza Hut #63,Pizza Hut,417 Hillcrest Ave,Chicago,IL,60679,41.853327,-87.671609,(600) 558-4673,7:00 AM - 10:00 PM,"drive-thru,dine-in,delivery"
64,Habit Burger #64,Habit Burger,3366 University Ave,Houston,TX,77012,29.785823,-95.324839,(779) 356-4908,10:00 AM - 10:00 PM,"drive-thru,dine-in"
65,KFC #65,KFC,3671 4th St,Phoenix,AZ,85099,33.465346,-112.067603,(854) 985-7043,10:00 AM - 10:00 PM,"dine-in,takeout"
66,Taco Bell #66,Taco Bell,5196 Elm St,Philadelphia,PA,19184,39.980379,-75.198823,(190) 519-7149,8:00 AM - 10:00 PM,"dine-in,delivery,takeout"
67,Pizza Hut #67,Pizza Hut,4078 Elm St,San Antonio,TX,78299,29.3817,-98.474539,(784) 900-2983,6:00 AM - 11:00 PM,"dine-in,takeout,delivery,drive-thru"
68,Habit Burger #68,Habit Burger,1229 Maple Dr,San Diego,CA,92192,32.718975,-117.144948,(925) 212-7882,11:00 AM - 11:00 PM,"dine-in,takeout"
69,KFC #69,KFC,7632 Valley View Dr,Dallas,TX,75229,32.770052,-96.810781,(756) 380-9548,10:00 AM - 12:00 AM,"drive-thru,dine-in"
70,Taco Bell #70,Taco Bell,9807 Sunset Blvd,San Jose,CA,95151,37.334687,-121.853727,(953) 288-5569,11:00 AM - 11:00 PM,"dine-in,delivery,takeout"
71,Pizza Hut #71,Pizza Hut,6309 Central Ave,Austin,TX,78713,30.292248,-97.736115,(787) 532-3979,11:00 AM - 11:00 PM,"dine-in,delivery,takeout"
72,Habit Burger #72,Habit Burger,4681 Airport Rd,Jacksonville,FL,32286,30.317682,-81.679865,(324) 769-1166,24 Hours,"dine-in,delivery,takeout"
73,KFC #73,KFC,8104 Cedar Ln,Fort Worth,TX,76140,32.714061,-97.308793,(767) 861-9041,11:00 AM - 11:00 PM,"drive-thru,dine-in,delivery"
74,Taco Bell #74,Taco Bell,4086 Lincoln Ave,Columbus,OH,43294,39.920505,-83.02664,(439) 577-8753,24 Hours,"dine-in,takeout,delivery,drive-thru"
75,Pizza Hut #75,Pizza Hut,5519 1st Ave,Charlotte,NC,28299,35.21965,-80.818506,(287) 477-6023,10:00 AM - 12:00 AM,"dine-in,delivery,takeout"
76,Habit Burger #76,Habit Burger,2058 Hillcrest Ave,Indianapolis,IN,46278,39.730466,-86.188842,(462) 396-4545,11:00 AM - 11:00 PM,"drive-thru,takeout"
77,KFC #77,KFC,8695 Lake Rd,San Francisco,CA,94146,37.797359,-122.371739,(941) 398-5853,9:00 AM - 11:00 PM,"dine-in,takeout,delivery,drive-thru"
78,Taco Bell #78,Taco Bell,8851 Park Blvd,Seattle,WA,98145,47.574144,-122.380685,(980) 255-5786,10:00 AM - 10:00 PM,"drive-thru,dine-in"
79,Pizza Hut #79,Pizza Hut,4758 5th Ave,Denver,CO,80271,39.699459,-105.039073,(807) 548-4020,6:00 AM - 11:00 PM,"drive-thru,takeout"
80,Habit Burger #80,Habit Burger,1170 2nd St,Nashville,TN,37272,36.206806,-86.783827,(371) 790-1878,10:00 AM - 10:00 PM,"drive-thru,dine-in,takeout"
81,KFC #81,KFC,1495 Highland Dr,Oklahoma City,OK,73125,35.498714,-97.471487,(738) 982-7818,9:00 AM - 11:00 PM,dine-in
82,Taco Bell #82,Taco Bell,9742 3rd Ave,Las Vegas,NV,89149,36.164951,-115.145528,(899) 835-1986,7:00 AM - 10:00 PM,"dine-in,delivery,takeout"
83,Pizza Hut #83,Pizza Hut,1430 Washington Ave,Portland,OR,97240,45.527752,-122.701935,(972) 765-2229,10:00 AM - 10:00 PM,"drive-thru,dine-in,delivery"
84,Habit Burger #84,Habit Burger,7799 Lincoln Ave,Memphis,TN,38114,35.140352,-90.030063,(383) 495-5632,11:00 AM - 11:00 PM,"dine-in,takeout"
85,KFC #85,KFC,9763 Spring St,Louisville,KY,40235,38.271438,-85.716109,(406) 317-9922,9:00 AM - 11:00 PM,"drive-thru,dine-in,takeout"
86,Taco Bell #86,Taco Bell,1269 Broadway,Atlanta,GA,30331,33.789841,-84.355337,(304) 809-5728,11:00 AM - 11:00 PM,"dine-in,takeout"
87,Pizza Hut #87,Pizza Hut,6694 Sunset Blvd,Miami,FL,33174,25.75857,-80.211391,(338) 705-8172,7:00 AM - 10:00 PM,"drive-thru,dine-in,delivery"
88,Habit Burger #88,Habit Burger,9991 Sunset Blvd,Minneapolis,MN,55413,45.016742,-93.241547,(551) 434-1339,10:00 AM - 12:00 AM,"drive-thru,dine-in,delivery"
89,KFC #89,KFC,8602 River Rd,Tampa,FL,33666,27.976911,-82.489681,(334) 385-8141,11:00 AM - 11:00 PM,"dine-in,takeout"
90,Taco Bell #90,Taco Bell,5360 Spring St,Detroit,MI,48223,42.328401,-83.054965,(482) 537-7744,11:00 AM - 11:00 PM,"drive-thru,takeout"
91,Pizza Hut #91,Pizza Hut,9112 Broadway,Los Angeles,CA,90068,34.068458,-118.253655,(901) 522-5135,6:00 AM - 12:00 AM,"dine-in,takeout"
92,Habit Burger #92,Habit Burger,8531 University Ave,New York,NY,10010,40.759818,-74.015582,(108) 673-7770,6:00 AM - 11:00 PM,"dine-in,delivery,takeout"
93,KFC #93,KFC,8267 River Rd,Chicago,IL,60666,41.879944,-87.617537,(600) 408-5375,24 Hours,"drive-thru,dine-in,takeout"
94,Taco Bell #94,Taco Bell,8041 Elm St,Houston,TX,77013,29.803167,-95.375988,(779) 445-3594,10:00 AM - 12:00 AM,"drive-thru,dine-in,delivery"
95,Pizza Hut #95,Pizza Hut,1958 4th St,Phoenix,AZ,85025,33.453625,-112.114679,(852) 710-5781,24 Hours,"drive-thru,takeout"
96,Habit Burger #96,Habit Burger,7836 Highland Dr,Philadelphia,PA,19168,39.944149,-75.16695,(198) 348-7284,9:00 AM - 11:00 PM,"drive-thru,dine-in,takeout"
97,KFC #97,KFC,6898 Central Ave,San Antonio,TX,78274,29.460503,-98.515975,(784) 202-5634,10:00 AM - 12:00 AM,"drive-thru,dine-in"
98,Taco Bell #98,Taco Bell,8035 1st Ave,San Diego,CA,92152,32.752226,-117.166445,(928) 981-9903,8:00 AM - 10:00 PM,"drive-thru,dine-in"
99,Pizza Hut #99,Pizza Hut,4012 Pine St,Dallas,TX,75259,32.819985,-96.76004,(753) 994-7730,6:00 AM - 11:00 PM,"dine-in,takeout,delivery,drive-thru"
100,Habit Burger #100,Habit Burger,6346 2nd St,San Jose,CA,95194,37.362671,-121.865777,(952) 707-1606,10:00 AM - 10:00 PM,"dine-in,takeout,delivery,drive-thru"
101,KFC #101,KFC,7313 Elm St,Austin,TX,78777,30.30417,-97.705681,(787) 215-3361,8:00 AM - 10:00 PM,"drive-thru,dine-in,takeout"
102,Taco Bell #102,Taco Bell,4442 Central Ave,Jacksonville,FL,32289,30.289683,-81.627547,(326) 865-2315,6:00 AM - 12:00 AM,dine-in
103,Pizza Hut #103,Pizza Hut,8094 College St,Fort Worth,TX,76179,32.800914,-97.31812,(760) 832-2121,9:00 AM - 11:00 PM,"drive-thru,takeout"
104,Habit Burger #104,Habit Burger,7210 Elm St,Columbus,OH,43291,40.010943,-82.974123,(431) 654-3725,10:00 AM - 12:00 AM,"drive-thru,dine-in,delivery"
105,KFC #105,KFC,4906 1st Ave,Charlotte,NC,28257,35.181699,-80.813486,(286) 349-5000,24 Hours,dine-in
106,Taco Bell #106,Taco Bell,2885 Washington Ave,Indianapolis,IN,46220,39.774993,-86.128848,(469) 591-4945,11:00 AM - 11:00 PM,"drive-thru,dine-in,takeout"
107,Pizza Hut #107,Pizza Hut,7629 Sunset Blvd,San Francisco,CA,94195,37.748119,-122.40561,(940) 676-5712,24 Hours,"drive-thru,dine-in,takeout"
108,Habit Burger #108,Habit Burger,9726 Lincoln Ave,Seattle,WA,98191,47.563586,-122.287576,(986) 906-5097,11:00 AM - 11:00 PM,"drive-thru,takeout"
109,KFC #109,KFC,8016 Elm St,Denver,CO,80240,39.709122,-105.001831,(806) 785-6881,10:00 AM - 12:00 AM,"drive-thru,takeout"
110,Taco Bell #110,Taco Bell,6584 Sunset Blvd,Nashville,TN,37211,36.114894,-86.748596,(379) 902-1803,11:00 AM - 11:00 PM,"drive-thru,takeout"
111,Pizza Hut #111,Pizza Hut,5872 Highland Dr,Oklahoma City,OK,73191,35.495174,-97.543388,(733) 835-5106,10:00 AM - 10:00 PM,"dine-in,takeout"
112,Habit Burger #112,Habit Burger,5161 Industrial Pkwy,Las Vegas,NV,89166,36.21024,-115.125166,(890) 793-6977,10:00 AM - 10:00 PM,"dine-in,takeout"
113,KFC #113,KFC,6907 Washington Ave,Portland,OR,97235,45.556163,-122.695728,(972) 752-6994,24 Hours,"drive-thru,takeout"
114,Taco Bell #114,Taco Bell,7994 Industrial Pkwy,Memphis,TN,38147,35.182547,-90.073303,(385) 317-8673,7:00 AM - 10:00 PM,"drive-thru,dine-in,takeout"
115,Pizza Hut #115,Pizza Hut,6611 College St,Louisville,KY,40281,38.278115,-85.785939,(405) 292-7464,6:00 AM - 11:00 PM,"drive-thru,takeout"
116,Habit Burger #116,Habit Burger,4395 Pine St,Atlanta,GA,30358,33.752657,-84.392521,(305) 310-4830,11:00 AM - 11:00 PM,"drive-thru,dine-in,delivery"
117,KFC #117,KFC,5474 Harbor Blvd,Miami,FL,33188,25.773655,-80.147483,(333) 863-2035,11:00 AM - 11:00 PM,"drive-thru,takeout"
118,Taco Bell #118,Taco Bell,842 Broadway,Minneapolis,MN,55448,44.992724,-93.303332,(557) 318-2592,9:00 AM - 11:00 PM,"drive-thru,dine-in,takeout"
119,Pizza Hut #119,Pizza Hut,8950 3rd Ave,Tampa,FL,33685,27.939465,-82.470099,(332) 624-2622,11:00 AM - 11:00 PM,dine-in
120,Habit Burger #120,Habit Burger,6170 Market St,Detroit,MI,48266,42.375305,-83.067826,(487) 441-6942,7:00 AM - 10:00 PM,"dine-in,takeout,delivery,drive-thru"
121,KFC #121,KFC,5976 Broadway,Los Angeles,CA,90060,34.056647,-118.195916,(904) 394-3001,11:00 AM - 11:00 PM,"dine-in,takeout"
122,Taco Bell #122,Taco Bell,9883 Main St,New York,NY,10016,40.729077,-73.99183,(105) 449-3063,9:00 AM - 11:00 PM,"dine-in,takeout"
123,Pizza Hut #123,Pizza Hut,9707 Market St,Chicago,IL,60639,41.911082,-87.624379,(605) 992-3417,6:00 AM - 11:00 PM,"drive-thru,takeout"
124,Habit Burger #124,Habit Burger,2229 Cedar Ln,Houston,TX,77042,29.796241,-95.405331,(772) 312-1422,10:00 AM - 10:00 PM,"drive-thru,dine-in,delivery"
125,KFC #125,KFC,9747 Central Ave,Phoenix,AZ,85012,33.434224,-112.045157,(852) 471-1858,10:00 AM - 10:00 PM,dine-in
126,Taco Bell #126,Taco Bell,7902 4th St,Philadelphia,PA,19156,39.955209,-75.140633,(198) 807-2786,11:00 AM - 11:00 PM,"dine-in,delivery,takeout"
127,Pizza Hut #127,Pizza Hut,8643 Lincoln Ave,San Antonio,TX,78268,29.468642,-98.539263,(780) 262-8847,8:00 AM - 10:00 PM,dine-in
128,Habit Burger #128,Habit Burger,7367 Oak Ave,San Diego,CA,92120,32.73431,-117.162073,(925) 822-3430,7:00 AM - 10:00 PM,"drive-thru,dine-in,takeout"
129,KFC #129,KFC,9084 Valley View Dr,Dallas,TX,75251,32.754202,-96.783692,(756) 811-9692,10:00 AM - 12:00 AM,"drive-thru,dine-in"
130,Taco Bell #130,Taco Bell,1974 College St,San Jose,CA,95193,37.338755,-121.89328,(958) 938-4522,8:00 AM - 10:00 PM,"drive-thru,dine-in"
131,Pizza Hut #131,Pizza Hut,7530 2nd St,Austin,TX,78763,30.306009,-97.751719,(781) 520-7992,6:00 AM - 12:00 AM,"drive-thru,takeout"
132,Habit Burger #132,Habit Burger,7870 Oak Ave,Jacksonville,FL,32221,30.31963,-81.690436,(321) 295-8075,7:00 AM - 10:00 PM,"dine-in,takeout,delivery,drive-thru"
133,KFC #133,KFC,9708 Cedar Ln,Fort Worth,TX,76181,32.786677,-97.325163,(765) 886-3002,8:00 AM - 10:00 PM,"dine-in,takeout,delivery,drive-thru"
134,Taco Bell #134,Taco Bell,7029 College St,Columbus,OH,43216,39.998561,-82.954687,(434) 814-6119,6:00 AM - 12:00 AM,"dine-in,takeout"
135,Pizza Hut #135,Pizza Hut,8000 Highland Dr,Charlotte,NC,28223,35.234892,-80.871826,(285) 769-7022,7:00 AM - 10:00 PM,"drive-thru,takeout"
136,Habit Burger #136,Habit Burger,9290 Commerce Blvd,Indianapolis,IN,46289,39.77581,-86.127378,(469) 891-1430,10:00 AM - 12:00 AM,"drive-thru,dine-in,delivery"
137,KFC #137,KFC,5162 Harbor Blvd,San Francisco,CA,94153,37.742942,-122.39913,(945) 206-3972,10:00 AM - 10:00 PM,dine-in
138,Taco Bell #138,Taco Bell,602 Oak Ave,Seattle,WA,98177,47.563159,-122.308003,(983) 585-7878,11:00 AM - 11:00 PM,"dine-in,takeout,delivery,drive-thru"
139,Pizza Hut #139,Pizza Hut,5414 Commerce Blvd,Denver,CO,80282,39.704941,-105.009136,(809) 286-1861,10:00 AM - 10:00 PM,"drive-thru,dine-in,takeout"
140,Habit Burger #140,Habit Burger,1436 Sunset Blvd,Nashville,TN,37266,36.188144,-86.826624,(376) 697-8242,8:00 AM - 10:00 PM,"drive-thru,takeout"
141,KFC #141,KFC,5755 3rd Ave,Oklahoma City,OK,73124,35.439157,-97.515165,(734) 894-8972,24 Hours,"drive-thru,takeout"
142,Taco Bell #142,Taco Bell,9919 Broadway,Las Vegas,NV,89110,36.124442,-115.150274,(893) 508-4460,10:00 AM - 10:00 PM,"drive-thru,takeout"
143,Pizza Hut #143,Pizza Hut,8249 Hillcrest Ave,Portland,OR,97265,45.494145,-122.716402,(972) 332-7229,24 Hours,"dine-in,delivery,takeout"
144,Habit Burger #144,Habit Burger,5902 Oak Ave,Memphis,TN,38160,35.149526,-90.015665,(380) 646-1307,11:00 AM - 11:00 PM,"dine-in,takeout"
145,KFC #145,KFC,9494 2nd St,Louisville,KY,40291,38.288911,-85.750924,(406) 496-2887,8:00 AM - 10:00 PM,"drive-thru,dine-in,delivery"
146,Taco Bell #146,Taco Bell,7638 University Ave,Atlanta,GA,30398,33.79562,-84.420813,(305) 290-8155,7:00 AM - 10:00 PM,"dine-in,delivery,takeout"
147,Pizza Hut #147,Pizza Hut,1388 2nd St,Miami,FL,33149,25.755268,-80.201755,(335) 426-6456,10:00 AM - 10:00 PM,"dine-in,takeout"
148,Habit Burger #148,Habit Burger,8455 Market St,Minneapolis,MN,55454,44.978848,-93.303597,(555) 944-3419,9:00 AM - 11:00 PM,"dine-in,takeout"
149,KFC #149,KFC,9969 Park Blvd,Tampa,FL,33693,27.915244,-82.487473,(331) 381-9095,11:00 AM - 11:00 PM,"drive-thru,dine-in"
150,Taco Bell #150,Taco Bell,5395 College St,Detroit,MI,48290,42.349513,-83.007595,(485) 354-8205,7:00 AM - 10:00 PM,"drive-thru,dine-in"
151,Pizza Hut #151,Pizza Hut,4600 Pine St,Los Angeles,CA,90017,34.046421,-118.263418,(905) 719-2215,10:00 AM - 12:00 AM,"drive-thru,dine-in"
152,Habit Burger #152,Habit Burger,4803 Oak Ave,New York,NY,10092,40.707991,-74.050311,(101) 829-9307,8:00 AM - 10:00 PM,"drive-thru,dine-in"
153,KFC #153,KFC,772 4th St,Chicago,IL,60683,41.886133,-87.584377,(603) 529-8792,24 Hours,"drive-thru,dine-in,takeout"
154,Taco Bell #154,Taco Bell,5726 Valley View Dr,Houston,TX,77020,29.806172,-95.374748,(778) 861-3827,6:00 AM - 11:00 PM,"dine-in,delivery,takeout"
155,Pizza Hut #155,Pizza Hut,8686 Maple Dr,Phoenix,AZ,85088,33.469162,-112.024901,(852) 572-7108,10:00 AM - 12:00 AM,dine-in
156,Habit Burger #156,Habit Burger,9895 Broadway,Philadelphia,PA,19190,39.943477,-75.181363,(195) 267-6401,7:00 AM - 10:00 PM,dine-in
157,KFC #157,KFC,9974 College St,San Antonio,TX,78229,29.402515,-98.471227,(785) 283-3317,6:00 AM - 12:00 AM,"drive-thru,takeout"
158,Taco Bell #158,Taco Bell,6521 Park Blvd,San Diego,CA,92186,32.76247,-117.141252,(921) 517-7171,6:00 AM - 12:00 AM,"drive-thru,dine-in,takeout"
159,Pizza Hut #159,Pizza Hut,8724 Oak Ave,Dallas,TX,75292,32.793712,-96.764104,(756) 720-6928,6:00 AM - 11:00 PM,"dine-in,takeout,delivery,drive-thru"
160,Habit Burger #160,Habit Burger,5698 Commerce Blvd,San Jose,CA,95172,37.319087,-121.841183,(953) 431-3253,10:00 AM - 10:00 PM,"dine-in,takeout"
161,KFC #161,KFC,8417 Commerce Blvd,Austin,TX,78779,30.246779,-97.714288,(788) 238-6517,10:00 AM - 10:00 PM,dine-in
162,Taco Bell #162,Taco Bell,2812 Hillcrest Ave,Jacksonville,FL,32266,30.297625,-81.687615,(320) 620-6968,9:00 AM - 11:00 PM,"drive-thru,dine-in"
163,Pizza Hut #163,Pizza Hut,7455 Highland Dr,Fort Worth,TX,76178,32.76656,-97.305561,(763) 516-8684,9:00 AM - 11:00 PM,"dine-in,takeout,delivery,drive-thru"
164,Habit Burger #164,Habit Burger,7318 4th St,Columbus,OH,43246,39.979031,-82.991758,(436) 714-9641,8:00 AM - 10:00 PM,"drive-thru,dine-in,takeout"
165,KFC #165,KFC,2367 College St,Charlotte,NC,28242,35.258789,-80.812974,(280) 856-8873,6:00 AM - 12:00 AM,"dine-in,takeout"
166,Taco Bell #166,Taco Bell,2142 Lincoln Ave,Indianapolis,IN,46220,39.78954,-86.156509,(462) 479-8361,24 Hours,"drive-thru,dine-in,takeout"
167,Pizza Hut #167,Pizza Hut,3737 University Ave,San Francisco,CA,94167,37.808005,-122.460229,(945) 227-7797,6:00 AM - 11:00 PM,dine-in
168,Habit Burger #168,Habit Burger,1437 1st Ave,Seattle,WA,98138,47.606401,-122.358522,(980) 526-2623,6:00 AM - 12:00 AM,"drive-thru,dine-in,takeout"
169,KFC #169,KFC,7840 Valley View Dr,Denver,CO,80227,39.70296,-105.011612,(807) 659-1086,7:00 AM - 10:00 PM,"drive-thru,dine-in,delivery"
170,Taco Bell #170,Taco Bell,9091 Hillcrest Ave,Nashville,TN,37287,36.138292,-86.748104,(378) 633-2821,10:00 AM - 12:00 AM,"dine-in,delivery,takeout"
171,Pizza Hut #171,Pizza Hut,6978 River Rd,Oklahoma City,OK,73189,35.447715,-97.561625,(737) 264-2816,11:00 AM - 11:00 PM,"drive-thru,dine-in,delivery"
172,Habit Burger #172,Habit Burger,2452 Lincoln Ave,Las Vegas,NV,89164,36.183095,-115.132295,(890) 829-6780,9:00 AM - 11:00 PM,dine-in
173,KFC #173,KFC,8676 1st Ave,Portland,OR,97218,45.483931,-122.661579,(978) 757-9312,24 Hours,"drive-thru,dine-in,delivery"
174,Taco Bell #174,Taco Bell,6438 1st Ave,Memphis,TN,38142,35.138545,-90.051986,(380) 565-2106,6:00 AM - 12:00 AM,"dine-in,delivery,takeout"
175,Pizza Hut #175,Pizza Hut,9633 Hillcrest Ave,Louisville,KY,40252,38.275994,-85.745674,(402) 245-6772,24 Hours,"dine-in,takeout,delivery,drive-thru"
176,Habit Burger #176,Habit Burger,7712 Valley View Dr,Atlanta,GA,30371,33.780351,-84.420491,(302) 338-2033,11:00 AM - 11:00 PM,"drive-thru,dine-in,delivery"
177,KFC #177,KFC,3368 Airport Rd,Miami,FL,33115,25.741044,-80.237419,(335) 517-9444,8:00 AM - 10:00 PM,"drive-thru,dine-in"
178,Taco Bell #178,Taco Bell,3231 Lincoln Ave,Minneapolis,MN,55455,44.953131,-93.239671,(550) 871-6438,10:00 AM - 12:00 AM,"dine-in,takeout"
179,Pizza Hut #179,Pizza Hut,6653 Hillcrest Ave,Tampa,FL,33666,27.980534,-82.463505,(336) 547-4060,11:00 AM - 11:00 PM,"drive-thru,dine-in"
180,Habit Burger #180,Habit Burger,4469 Industrial Pkwy,Detroit,MI,48220,42.318135,-83.016071,(486) 280-8055,10:00 AM - 10:00 PM,"drive-thru,takeout"
181,KFC #181,KFC,4943 Lincoln Ave,Los Angeles,CA,90067,34.034321,-118.285693,(909) 934-7981,10:00 AM - 10:00 PM,"drive-thru,dine-in"
182,Taco Bell #182,Taco Bell,5876 Lake Rd,New York,NY,10065,40.697955,-74.051764,(104) 854-1939,7:00 AM - 10:00 PM,dine-in
183,Pizza Hut #183,Pizza Hut,2721 Main St,Chicago,IL,60628,41.864431,-87.59969,(609) 894-8179,6:00 AM - 11:00 PM,"drive-thru,dine-in,takeout"
184,Habit Burger #184,Habit Burger,6101 1st Ave,Houston,TX,77059,29.717123,-95.341948,(779) 233-3513,11:00 AM - 11:00 PM,"dine-in,takeout,delivery,drive-thru"
185,KFC #185,KFC,9503 Park Blvd,Phoenix,AZ,85077,33.435601,-112.047692,(855) 607-6150,10:00 AM - 12:00 AM,"dine-in,delivery,takeout"
186,Taco Bell #186,Taco Bell,3148 5th Ave,Philadelphia,PA,19176,39.998652,-75.212609,(196) 775-2929,10:00 AM - 12:00 AM,"drive-thru,takeout"
187,Pizza Hut #187,Pizza Hut,4778 Valley View Dr,San Antonio,TX,78272,29.444504,-98.522143,(783) 325-3223,7:00 AM - 10:00 PM,"drive-thru,dine-in"
188,Habit Burger #188,Habit Burger,1538 Industrial Pkwy,San Diego,CA,92197,32.682966,-117.139763,(925) 883-6692,7:00 AM - 10:00 PM,"drive-thru,takeout"
189,KFC #189,KFC,2952 Industrial Pkwy,Dallas,TX,75256,32.815833,-96.761864,(758) 429-2988,9:00 AM - 11:00 PM,"drive-thru,dine-in,takeout"
190,Taco Bell #190,Taco Bell,6012 Cedar Ln,San Jose,CA,95183,37.311874,-121.886898,(955) 678-3126,7:00 AM - 10:00 PM,"dine-in,takeout"
191,Pizza Hut #191,Pizza Hut,7942 Maple Dr,Austin,TX,78762,30.248129,-97.69314,(786) 788-2208,10:00 AM - 10:00 PM,"dine-in,takeout,delivery,drive-thru"
192,Habit Burger #192,Habit Burger,8576 1st Ave,Jacksonville,FL,32226,30.346434,-81.660703,(328) 855-3981,10:00 AM - 10:00 PM,dine-in
193,KFC #193,KFC,2134 Maple Dr,Fort Worth,TX,76129,32.755786,-97.293979,(764) 368-3653,6:00 AM - 12:00 AM,"dine-in,delivery,takeout"
194,Taco Bell #194,Taco Bell,4753 College St,Columbus,OH,43220,39.945802,-82.95471,(434) 401-5496,10:00 AM - 10:00 PM,"drive-thru,takeout"
195,Pizza Hut #195,Pizza Hut,2862 Pine St,Charlotte,NC,28284,35.238543,-80.883757,(282) 375-6531,6:00 AM - 11:00 PM,"drive-thru,dine-in,delivery"
196,Habit Burger #196,Habit Burger,9549 Sunset Blvd,Indianapolis,IN,46293,39.726522,-86.113245,(463) 985-7825,6:00 AM - 11:00 PM,"drive-thru,dine-in"
197,KFC #197,KFC,5049 5th Ave,San Francisco,CA,94141,37.8138,-122.414842,(946) 504-8430,7:00 AM - 10:00 PM,"drive-thru,dine-in,delivery"
198,Taco Bell #198,Taco Bell,7709 Market St,Seattle,WA,98153,47.572008,-122.340538,(989) 347-6121,6:00 AM - 12:00 AM,"dine-in,takeout,delivery,drive-thru"
199,Pizza Hut #199,Pizza Hut,6170 Maple Dr,Denver,CO,80281,39.786737,-105.027223,(801) 526-4960,11:00 AM - 11:00 PM,"dine-in,takeout"
200,Habit Burger #200,Habit Burger,1686 Broadway,Nashville,TN,37247,36.139447,-86.806808,(376) 830-7850,9:00 AM - 11:00 PM,"drive-thru,dine-in,takeout"
201,KFC #201,KFC,5223 Market St,Oklahoma City,OK,73130,35.498948,-97.473025,(737) 727-8648,11:00 AM - 11:00 PM,"drive-thru,takeout"
202,Taco Bell #202,Taco Bell,6542 Maple Dr,Las Vegas,NV,89168,36.169637,-115.180795,(893) 420-6781,6:00 AM - 11:00 PM,"drive-thru,dine-in,delivery"
203,Pizza Hut #203,Pizza Hut,7810 Lincoln Ave,Portland,OR,97278,45.493336,-122.668648,(970) 310-8060,10:00 AM - 10:00 PM,"drive-thru,takeout"
204,Habit Burger #204,Habit Burger,6095 Broadway,Memphis,TN,38161,35.172251,-90.022614,(380) 783-4189,6:00 AM - 12:00 AM,"drive-thru,takeout"
205,KFC #205,KFC,9108 Sunset Blvd,Louisville,KY,40289,38.210053,-85.758074,(409) 321-3108,7:00 AM - 10:00 PM,dine-in
206,Taco Bell #206,Taco Bell,9239 1st Ave,Atlanta,GA,30328,33.73632,-84.339321,(303) 816-9341,8:00 AM - 10:00 PM,"drive-thru,dine-in,delivery"
207,Pizza Hut #207,Pizza Hut,5556 Industrial Pkwy,Miami,FL,33170,25.71623,-80.228096,(338) 667-3440,24 Hours,"drive-thru,dine-in,takeout"
208,Habit Burger #208,Habit Burger,2762 2nd St,Minneapolis,MN,55488,44.960597,-93.253693,(554) 807-6511,24 Hours,"drive-thru,dine-in"
209,KFC #209,KFC,372 1st Ave,Tampa,FL,33652,27.971474,-82.477221,(331) 626-6040,6:00 AM - 11:00 PM,"drive-thru,dine-in"
210,Taco Bell #210,Taco Bell,9577 Pine St,Detroit,MI,48239,42.307953,-83.030241,(480) 797-8871,10:00 AM - 10:00 PM,dine-in
211,Pizza Hut #211,Pizza Hut,617 Pine St,Los Angeles,CA,90099,34.016978,-118.225627,(901) 395-1310,11:00 AM - 11:00 PM,"dine-in,takeout,delivery,drive-thru"
212,Habit Burger #212,Habit Burger,3440 3rd Ave,New York,NY,10074,40.704678,-74.014704,(109) 682-2020,10:00 AM - 10:00 PM,"dine-in,delivery,takeout"
213,KFC #213,KFC,7937 Maple Dr,Chicago,IL,60658,41.884189,-87.579988,(605) 377-8531,24 Hours,"dine-in,takeout,delivery,drive-thru"
214,Taco Bell #214,Taco Bell,4431 Lake Rd,Houston,TX,77071,29.765027,-95.352213,(773) 452-5571,24 Hours,"drive-thru,takeout"
215,Pizza Hut #215,Pizza Hut,4976 Commerce Blvd,Phoenix,AZ,85046,33.420887,-112.026709,(853) 906-9011,6:00 AM - 12:00 AM,"drive-thru,dine-in"
216,Habit Burger #216,Habit Burger,4580 Lincoln Ave,Philadelphia,PA,19125,39.93748,-75.12183,(199) 892-9899,8:00 AM - 10:00 PM,dine-in
217,KFC #217,KFC,2499 Lincoln Ave,San Antonio,TX,78215,29.455938,-98.448139,(784) 931-2294,6:00 AM - 12:00 AM,"drive-thru,dine-in"
218,Taco Bell #218,Taco Bell,3605 Market St,San Diego,CA,92178,32.731297,-117.136366,(924) 775-5450,10:00 AM - 10:00 PM,"dine-in,takeout"
219,Pizza Hut #219,Pizza Hut,4072 Broadway,Dallas,TX,75295,32.788268,-96.788317,(758) 431-4814,6:00 AM - 11:00 PM,"dine-in,takeout"
220,Habit Burger #220,Habit Burger,1747 Spring St,San Jose,CA,95127,37.32953,-121.864564,(950) 763-3587,8:00 AM - 10:00 PM,"drive-thru,dine-in"
221,KFC #221,KFC,4806 Central Ave,Austin,TX,78746,30.264945,-97.773154,(780) 987-2465,9:00 AM - 11:00 PM,"drive-thru,dine-in,delivery"
222,Taco Bell #222,Taco Bell,2980 Harbor Blvd,Jacksonville,FL,32214,30.373523,-81.688194,(326) 707-4052,10:00 AM - 12:00 AM,"drive-thru,dine-in,delivery"
223,Pizza Hut #223,Pizza Hut,1858 Harbor Blvd,Fort Worth,TX,76152,32.706427,-97.324004,(764) 665-9901,24 Hours,"drive-thru,dine-in"
224,Habit Burger #224,Habit Burger,8361 4th St,Columbus,OH,43244,40.000126,-83.03538,(433) 315-6417,10:00 AM - 10:00 PM,"drive-thru,dine-in"
225,KFC #225,KFC,330 Hillcrest Ave,Charlotte,NC,28253,35.241929,-80.82124,(284) 781-4164,10:00 AM - 10:00 PM,dine-in
226,Taco Bell #226,Taco Bell,1521 2nd St,Indianapolis,IN,46295,39.801099,-86.156572,(461) 389-3303,11:00 AM - 11:00 PM,"dine-in,takeout,delivery,drive-thru"
227,Pizza Hut #227,Pizza Hut,6384 Highland Dr,San Francisco,CA,94167,37.818483,-122.468717,(944) 537-5947,6:00 AM - 11:00 PM,"drive-thru,takeout"
228,Habit Burger #228,Habit Burger,1117 Spring St,Seattle,WA,98125,47.621568,-122.312823,(987) 514-3616,8:00 AM - 10:00 PM,"drive-thru,takeout"
229,KFC #229,KFC,4933 1st Ave,Denver,CO,80288,39.758229,-104.976429,(803) 424-3188,11:00 AM - 11:00 PM,"drive-thru,dine-in,takeout"
230,Taco Bell #230,Taco Bell,6221 3rd Ave,Nashville,TN,37299,36.158198,-86.732716,(378) 682-9806,9:00 AM - 11:00 PM,"dine-in,delivery,takeout"
231,Pizza Hut #231,Pizza Hut,1441 Maple Dr,Oklahoma City,OK,73167,35.485634,-97.506819,(738) 920-6927,7:00 AM - 10:00 PM,"dine-in,takeout"
232,Habit Burger #232,Habit Burger,8381 Market St,Las Vegas,NV,89183,36.126076,-115.135035,(898) 353-3695,6:00 AM - 12:00 AM,"drive-thru,dine-in"
233,KFC #233,KFC,9654 5th Ave,Portland,OR,97221,45.476824,-122.70786,(978) 656-1911,11:00 AM - 11:00 PM,"drive-thru,dine-in,takeout"
234,Taco Bell #234,Taco Bell,1045 Cedar Ln,Memphis,TN,38169,35.150825,-90.05332,(384) 940-1356,8:00 AM - 10:00 PM,"drive-thru,takeout"
235,Pizza Hut #235,Pizza Hut,9575 Oak Ave,Louisville,KY,40215,38.284345,-85.73392,(406) 552-2044,24 Hours,"drive-thru,dine-in,delivery"
236,Habit Burger #236,Habit Burger,7834 Broadway,Atlanta,GA,30346,33.792458,-84.431098,(306) 384-3218,8:00 AM - 10:00 PM,"dine-in,takeout,delivery,drive-thru"
237,KFC #237,KFC,6284 2nd St,Miami,FL,33120,25.810986,-80.203552,(338) 336-6697,7:00 AM - 10:00 PM,"drive-thru,dine-in,takeout"
238,Taco Bell #238,Taco Bell,2186 Hillcrest Ave,Minneapolis,MN,55438,45.027085,-93.275694,(550) 974-1372,10:00 AM - 12:00 AM,"drive-thru,dine-in"
239,Pizza Hut #239,Pizza Hut,8815 2nd St,Tampa,FL,33639,27.96795,-82.452755,(333) 671-6671,10:00 AM - 10:00 PM,"drive-thru,takeout"
240,Habit Burger #240,Habit Burger,1948 Broadway,Detroit,MI,48294,42.300248,-83.008279,(486) 829-1256,9:00 AM - 11:00 PM,"dine-in,delivery,takeout"
241,KFC #241,KFC,7414 Lake Rd,Los Angeles,CA,90096,34.008929,-118.234306,(900) 450-1724,8:00 AM - 10:00 PM,"drive-thru,dine-in"
242,Taco Bell #242,Taco Bell,1024 Park Blvd,New York,NY,10074,40.686234,-74.034273,(104) 439-6224,6:00 AM - 12:00 AM,"dine-in,delivery,takeout"
243,Pizza Hut #243,Pizza Hut,8640 Highland Dr,Chicago,IL,60662,41.858276,-87.665474,(604) 481-1998,24 Hours,"drive-thru,dine-in,takeout"
244,Habit Burger #244,Habit Burger,8220 Broadway,Houston,TX,77054,29.772999,-95.37708,(776) 737-6222,8:00 AM - 10:00 PM,dine-in
245,KFC #245,KFC,8913 5th Ave,Phoenix,AZ,85040,33.413322,-112.086354,(853) 507-3365,11:00 AM - 11:00 PM,"drive-thru,dine-in,delivery"
246,Taco Bell #246,Taco Bell,9230 Maple Dr,Philadelphia,PA,19127,39.958839,-75.118421,(196) 448-5177,9:00 AM - 11:00 PM,"dine-in,takeout,delivery,drive-thru"
247,Pizza Hut #247,Pizza Hut,6179 Oak Ave,San Antonio,TX,78278,29.438771,-98.451377,(783) 252-5398,8:00 AM - 10:00 PM,"drive-thru,dine-in,delivery"
248,Habit Burger #248,Habit Burger,9726 Hillcrest Ave,San Diego,CA,92195,32.753062,-117.192284,(928) 422-8854,9:00 AM - 11:00 PM,"dine-in,takeout,delivery,drive-thru"
249,KFC #249,KFC,3570 Harbor Blvd,Dallas,TX,75234,32.757019,-96.756101,(751) 964-8846,9:00 AM - 11:00 PM,"dine-in,delivery,takeout"
250,Taco Bell #250,Taco Bell,5369 Commerce Blvd,San Jose,CA,95146,37.327863,-121.912367,(956) 677-9743,6:00 AM - 12:00 AM,"drive-thru,takeout"
251,Pizza Hut #251,Pizza Hut,8247 4th St,Austin,TX,78722,30.243356,-97.741818,(787) 979-6246,9:00 AM - 11:00 PM,"dine-in,takeout,delivery,drive-thru"
252,Habit Burger #252,Habit Burger,3725 Hillcrest Ave,Jacksonville,FL,32228,30.313492,-81.701128,(320) 467-7841,10:00 AM - 12:00 AM,"drive-thru,dine-in,takeout"
253,KFC #253,KFC,9435 University Ave,Fort Worth,TX,76141,32.725119,-97.357798,(767) 763-6530,10:00 AM - 12:00 AM,"drive-thru,dine-in"
254,Taco Bell #254,Taco Bell,8137 4th St,Columbus,OH,43231,40.007851,-82.984631,(435) 373-3293,24 Hours,"drive-thru,dine-in"
255,Pizza Hut #255,Pizza Hut,1062 Maple Dr,Charlotte,NC,28214,35.195505,-80.804164,(281) 884-1794,6:00 AM - 11:00 PM,dine-in
256,Habit Burger #256,Habit Burger,1213 Valley View Dr,Indianapolis,IN,46229,39.732149,-86.14503,(460) 423-9285,11:00 AM - 11:00 PM,"dine-in,takeout,delivery,drive-thru"
257,KFC #257,KFC,8016 Spring St,San Francisco,CA,94172,37.730945,-122.405627,(940) 206-9719,24 Hours,dine-in
258,Taco Bell #258,Taco Bell,4601 Cedar Ln,Seattle,WA,98146,47.557385,-122.329158,(980) 714-8054,10:00 AM - 10:00 PM,"dine-in,takeout"
259,Pizza Hut #259,Pizza Hut,4048 Market St,Denver,CO,80289,39.781005,-104.987861,(808) 458-6807,10:00 AM - 12:00 AM,dine-in
260,Habit Burger #260,Habit Burger,7620 Pine St,Nashville,TN,37241,36.120602,-86.73567,(373) 507-2320,6:00 AM - 11:00 PM,"dine-in,takeout"
261,KFC #261,KFC,7898 Broadway,Oklahoma City,OK,73191,35.458128,-97.528683,(730) 919-3807,7:00 AM - 10:00 PM,"drive-thru,dine-in"
262,Taco Bell #262,Taco Bell,5527 Pine St,Las Vegas,NV,89122,36.204433,-115.125309,(898) 243-4764,9:00 AM - 11:00 PM,"drive-thru,dine-in"
263,Pizza Hut #263,Pizza Hut,4693 Airport Rd,Portland,OR,97279,45.49231,-122.635984,(979) 873-1539,10:00 AM - 10:00 PM,"dine-in,takeout,delivery,drive-thru"
264,Habit Burger #264,Habit Burger,2462 Commerce Blvd,Memphis,TN,38160,35.101066,-90.078284,(381) 506-3661,9:00 AM - 11:00 PM,dine-in
265,KFC #265,KFC,6388 Commerce Blvd,Louisville,KY,40227,38.270403,-85.754444,(401) 712-6666,6:00 AM - 11:00 PM,"dine-in,takeout"
266,Taco Bell #266,Taco Bell,5680 Lake Rd,Atlanta,GA,30388,33.742709,-84.354133,(309) 606-6347,6:00 AM - 11:00 PM,"drive-thru,takeout"
267,Pizza Hut #267,Pizza Hut,3837 1st Ave,Miami,FL,33180,25.790055,-80.196745,(336) 642-4043,8:00 AM - 10:00 PM,"dine-in,takeout"
268,Habit Burger #268,Habit Burger,4137 Valley View Dr,Minneapolis,MN,55419,45.005017,-93.285462,(551) 474-3526,8:00 AM - 10:00 PM,"drive-thru,dine-in,takeout"
269,KFC #269,KFC,1845 Oak Ave,Tampa,FL,33610,27.974566,-82.475532,(334) 655-6896,10:00 AM - 12:00 AM,"dine-in,takeout"
270,Taco Bell #270,Taco Bell,7453 Cedar Ln,Detroit,MI,48281,42.294651,-83.077061,(488) 617-2692,6:00 AM - 11:00 PM,"dine-in,takeout"
271,Pizza Hut #271,Pizza Hut,9898 Industrial Pkwy,Los Angeles,CA,90051,34.037591,-118.284394,(906) 212-5781,8:00 AM - 10:00 PM,dine-in
272,Habit Burger #272,Habit Burger,9267 Airport Rd,New York,NY,10041,40.740717,-73.983516,(109) 733-3778,8:00 AM - 10:00 PM,"drive-thru,dine-in,takeout"
273,KFC #273,KFC,8179 Park Blvd,Chicago,IL,60618,41.841984,-87.649687,(602) 645-5521,8:00 AM - 10:00 PM,"drive-thru,takeout"
274,Taco Bell #274,Taco Bell,4223 Highland Dr,Houston,TX,77090,29.758823,-95.412108,(777) 808-4203,11:00 AM - 11:00 PM,"dine-in,takeout"
275,Pizza Hut #275,Pizza Hut,6583 Central Ave,Phoenix,AZ,85089,33.411949,-112.123323,(856) 537-8212,6:00 AM - 12:00 AM,dine-in
276,Habit Burger #276,Habit Burger,9838 Park Blvd,Philadelphia,PA,19148,39.984148,-75.129249,(195) 817-4290,11:00 AM - 11:00 PM,"dine-in,takeout,delivery,drive-thru"
277,KFC #277,KFC,5328 Lincoln Ave,San Antonio,TX,78298,29.391864,-98.503776,(787) 789-4971,6:00 AM - 12:00 AM,dine-in
278,Taco Bell #278,Taco Bell,6080 Elm St,San Diego,CA,92182,32.69373,-117.132513,(923) 806-9939,10:00 AM - 10:00 PM,"drive-thru,dine-in,delivery"
279,Pizza Hut #279,Pizza Hut,3534 4th St,Dallas,TX,75247,32.822,-96.800838,(751) 618-9180,10:00 AM - 10:00 PM,"drive-thru,takeout"
280,Habit Burger #280,Habit Burger,7032 Industrial Pkwy,San Jose,CA,95158,37.312402,-121.870434,(951) 659-8851,8:00 AM - 10:00 PM,dine-in
281,KFC #281,KFC,5990 Valley View Dr,Austin,TX,78778,30.271565,-97.714028,(789) 853-2392,7:00 AM - 10:00 PM,"dine-in,delivery,takeout"
282,Taco Bell #282,Taco Bell,825 Pine St,Jacksonville,FL,32292,30.34796,-81.670199,(326) 970-6432,8:00 AM - 10:00 PM,"dine-in,takeout"
283,Pizza Hut #283,Pizza Hut,8466 Hillcrest Ave,Fort Worth,TX,76176,32.706555,-97.354926,(768) 794-4621,11:00 AM - 11:00 PM,"dine-in,takeout,delivery,drive-thru"
284,Habit Burger #284,Habit Burger,9743 Valley View Dr,Columbus,OH,43274,39.950313,-82.971566,(432) 553-1402,11:00 AM - 11:00 PM,"dine-in,takeout"
285,KFC #285,KFC,1506 Elm St,Charlotte,NC,28228,35.206643,-80.801045,(285) 519-6620,11:00 AM - 11:00 PM,"dine-in,delivery,takeout"
286,Taco Bell #286,Taco Bell,1699 4th St,Indianapolis,IN,46299,39.770511,-86.17327,(467) 526-2100,10:00 AM - 12:00 AM,"drive-thru,dine-in,delivery"
287,Pizza Hut #287,Pizza Hut,5720 River Rd,San Francisco,CA,94123,37.805919,-122.457891,(942) 958-4996,24 Hours,"drive-thru,dine-in,takeout"
288,Habit Burger #288,Habit Burger,7085 4th St,Seattle,WA,98139,47.611391,-122.349001,(986) 844-4022,10:00 AM - 10:00 PM,dine-in
289,KFC #289,KFC,3332 4th St,Denver,CO,80285,39.728758,-104.966561,(806) 598-1072,9:00 AM - 11:00 PM,"dine-in,delivery,takeout"
290,Taco Bell #290,Taco Bell,1125 Pine St,Nashville,TN,37223,36.140534,-86.761224,(378) 391-6993,6:00 AM - 12:00 AM,"dine-in,delivery,takeout"
291,Pizza Hut #291,Pizza Hut,8119 Maple Dr,Oklahoma City,OK,73191,35.463355,-97.540165,(735) 811-7367,8:00 AM - 10:00 PM,"dine-in,takeout"
292,Habit Burger #292,Habit Burger,2926 University Ave,Las Vegas,NV,89196,36.154692,-115.105248,(894) 829-2388,10:00 AM - 10:00 PM,"dine-in,takeout,delivery,drive-thru"
293,KFC #293,KFC,3099 1st Ave,Portland,OR,97298,45.476986,-122.697862,(972) 723-7364,8:00 AM - 10:00 PM,"drive-thru,dine-in,takeout"
294,Taco Bell #294,Taco Bell,8073 River Rd,Memphis,TN,38178,35.156981,-90.056696,(382) 768-3733,11:00 AM - 11:00 PM,"drive-thru,takeout"
295,Pizza Hut #295,Pizza Hut,7489 Lake Rd,Louisville,KY,40216,38.21673,-85.777042,(405) 209-8939,10:00 AM - 10:00 PM,"dine-in,delivery,takeout"
296,Habit Burger #296,Habit Burger,8381 River Rd,Atlanta,GA,30373,33.780522,-84.341617,(306) 901-9056,8:00 AM - 10:00 PM,"drive-thru,dine-in"
297,KFC #297,KFC,605 Industrial Pkwy,Miami,FL,33138,25.76057,-80.233533,(334) 233-5503,9:00 AM - 11:00 PM,"drive-thru,takeout"
298,Taco Bell #298,Taco Bell,8215 Cedar Ln,Minneapolis,MN,55475,44.944621,-93.269268,(551) 786-2871,10:00 AM - 12:00 AM,"dine-in,takeout,delivery,drive-thru"
299,Pizza Hut #299,Pizza Hut,7331 Cedar Ln,Tampa,FL,33637,27.954804,-82.431521,(336) 304-5055,10:00 AM - 12:00 AM,"drive-thru,dine-in,delivery"
300,Habit Burger #300,Habit Burger,1525 4th St,Detroit,MI,48225,42.326373,-83.060942,(483) 414-6744,8:00 AM - 10:00 PM,"drive-thru,dine-in,takeout"
301,KFC #301,KFC,3490 Industrial Pkwy,Los Angeles,CA,90017,34.063815,-118.215215,(909) 559-9720,10:00 AM - 12:00 AM,"drive-thru,dine-in,takeout"
302,Taco Bell #302,Taco Bell,4840 Pine St,New York,NY,10044,40.695165,-73.985595,(108) 895-2560,10:00 AM - 10:00 PM,dine-in
303,Pizza Hut #303,Pizza Hut,2178 Valley View Dr,Chicago,IL,60626,41.919977,-87.580551,(603) 349-6277,9:00 AM - 11:00 PM,dine-in
304,Habit Burger #304,Habit Burger,4502 River Rd,Houston,TX,77063,29.759346,-95.362057,(776) 662-2237,7:00 AM - 10:00 PM,dine-in
305,KFC #305,KFC,6146 4th St,Phoenix,AZ,85072,33.449961,-112.096177,(855) 795-1040,7:00 AM - 10:00 PM,"drive-thru,dine-in"
306,Taco Bell #306,Taco Bell,1137 Industrial Pkwy,Philadelphia,PA,19178,39.966084,-75.145471,(196) 423-8039,9:00 AM - 11:00 PM,"drive-thru,dine-in"
307,Pizza Hut #307,Pizza Hut,5633 Cedar Ln,San Antonio,TX,78283,29.400954,-98.460766,(782) 779-8951,6:00 AM - 12:00 AM,"drive-thru,dine-in,delivery"
308,Habit Burger #308,Habit Burger,7629 Main St,San Diego,CA,92125,32.670294,-117.148482,(922) 651-8479,6:00 AM - 11:00 PM,dine-in
309,KFC #309,KFC,2261 Airport Rd,Dallas,TX,75293,32.746932,-96.778141,(754) 362-5489,7:00 AM - 10:00 PM,"dine-in,takeout,delivery,drive-thru"
310,Taco Bell #310,Taco Bell,2811 Broadway,San Jose,CA,95160,37.313239,-121.899116,(954) 943-4836,8:00 AM - 10:00 PM,"dine-in,takeout"
311,Pizza Hut #311,Pizza Hut,7912 Oak Ave,Austin,TX,78726,30.28757,-97.792991,(789) 431-9510,11:00 AM - 11:00 PM,"drive-thru,dine-in,delivery"
312,Habit Burger #312,Habit Burger,2075 College St,Jacksonville,FL,32264,30.283006,-81.671343,(322) 689-2160,9:00 AM - 11:00 PM,dine-in
313,KFC #313,KFC,1790 Central Ave,Fort Worth,TX,76157,32.714433,-97.300204,(764) 340-7270,10:00 AM - 10:00 PM,"drive-thru,dine-in,takeout"
314,Taco Bell #314,Taco Bell,2788 4th St,Columbus,OH,43254,39.918041,-82.992471,(433) 843-3480,8:00 AM - 10:00 PM,"drive-thru,dine-in"
315,Pizza Hut #315,Pizza Hut,1746 Park Blvd,Charlotte,NC,28225,35.263096,-80.884431,(289) 947-7291,6:00 AM - 12:00 AM,dine-in
316,Habit Burger #316,Habit Burger,4637 River Rd,Indianapolis,IN,46220,39.74985,-86.194117,(463) 766-5668,6:00 AM - 11:00 PM,"drive-thru,takeout"
317,KFC #317,KFC,3190 Hillcrest Ave,San Francisco,CA,94160,37.745445,-122.408707,(944) 861-1894,9:00 AM - 11:00 PM,"drive-thru,dine-in"
318,Taco Bell #318,Taco Bell,9830 Oak Ave,Seattle,WA,98177,47.594789,-122.357992,(980) 569-6185,10:00 AM - 10:00 PM,dine-in
319,Pizza Hut #319,Pizza Hut,6086 Cedar Ln,Denver,CO,80297,39.775281,-104.983462,(802) 981-8717,7:00 AM - 10:00 PM,"drive-thru,dine-in,delivery"
320,Habit Burger #320,Habit Burger,3634 Broadway,Nashville,TN,37217,36.171436,-86.830221,(376) 718-5693,24 Hours,dine-in
321,KFC #321,KFC,8891 Cedar Ln,Oklahoma City,OK,73188,35.459958,-97.526172,(732) 484-2369,10:00 AM - 12:00 AM,"dine-in,takeout"
322,Taco Bell #322,Taco Bell,2645 Cedar Ln,Las Vegas,NV,89151,36.17103,-115.16948,(896) 800-2083,10:00 AM - 12:00 AM,dine-in
323,Pizza Hut #323,Pizza Hut,1048 Highland Dr,Portland,OR,97221,45.538196,-122.643753,(976) 318-8428,6:00 AM - 11:00 PM,"drive-thru,takeout"
324,Habit Burger #324,Habit Burger,2977 Elm St,Memphis,TN,38111,35.166108,-90.033195,(382) 918-1185,10:00 AM - 10:00 PM,"drive-thru,dine-in"
325,KFC #325,KFC,4347 Washington Ave,Louisville,KY,40257,38.298002,-85.756199,(402) 967-5403,7:00 AM - 10:00 PM,"drive-thru,dine-in,delivery"
326,Taco Bell #326,Taco Bell,8682 Oak Ave,Atlanta,GA,30343,33.732501,-84.395068,(309) 842-2262,11:00 AM - 11:00 PM,"drive-thru,dine-in"
327,Pizza Hut #327,Pizza Hut,9387 Washington Ave,Miami,FL,33157,25.762778,-80.236256,(332) 461-2685,7:00 AM - 10:00 PM,"dine-in,delivery,takeout"
328,Habit Burger #328,Habit Burger,301 Highland Dr,Minneapolis,MN,55415,45.001878,-93.314743,(557) 572-7274,10:00 AM - 10:00 PM,"drive-thru,dine-in,takeout"
329,KFC #329,KFC,9158 Industrial Pkwy,Tampa,FL,33693,27.993716,-82.421451,(336) 429-6272,9:00 AM - 11:00 PM,dine-in
330,Taco Bell #330,Taco Bell,1376 Pine St,Detroit,MI,48257,42.372985,-83.063806,(481) 714-1862,10:00 AM - 10:00 PM,"dine-in,delivery,takeout"
331,Pizza Hut #331,Pizza Hut,6668 Oak Ave,Los Angeles,CA,90069,34.082634,-118.195559,(904) 992-6090,6:00 AM - 12:00 AM,"dine-in,takeout"
332,Habit Burger #332,Habit Burger,3387 Lincoln Ave,New York,NY,10082,40.718109,-74.055203,(104) 957-4974,11:00 AM - 11:00 PM,"dine-in,takeout,delivery,drive-thru"
333,KFC #333,KFC,3301 Hillcrest Ave,Chicago,IL,60679,41.887269,-87.630464,(603) 354-1104,8:00 AM - 10:00 PM,"drive-thru,dine-in,delivery"
334,Taco Bell #334,Taco Bell,257 Central Ave,Houston,TX,77010,29.7337,-95.385158,(776) 955-6038,7:00 AM - 10:00 PM,"dine-in,delivery,takeout"
335,Pizza Hut #335,Pizza Hut,8161 Broadway,Phoenix,AZ,85028,33.451381,-112.100183,(854) 295-1719,9:00 AM - 11:00 PM,dine-in
336,Habit Burger #336,Habit Burger,1491 Pine St,Philadelphia,PA,19122,39.972685,-75.177951,(198) 336-7461,7:00 AM - 10:00 PM,"drive-thru,dine-in,delivery"
337,KFC #337,KFC,3979 Lincoln Ave,San Antonio,TX,78243,29.417598,-98.447178,(785) 602-6345,6:00 AM - 12:00 AM,"drive-thru,dine-in"
338,Taco Bell #338,Taco Bell,3421 Park Blvd,San Diego,CA,92184,32.692896,-117.203631,(921) 359-2731,10:00 AM - 10:00 PM,"drive-thru,dine-in"
339,Pizza Hut #339,Pizza Hut,8880 1st Ave,Dallas,TX,75236,32.773306,-96.806349,(757) 515-8591,10:00 AM - 12:00 AM,"dine-in,takeout"
340,Habit Burger #340,Habit Burger,5084 University Ave,San Jose,CA,95199,37.297242,-121.85554,(959) 241-4522,6:00 AM - 12:00 AM,"drive-thru,dine-in,takeout"
341,KFC #341,KFC,5928 2nd St,Austin,TX,78775,30.226321,-97.768278,(780) 893-5896,10:00 AM - 12:00 AM,"drive-thru,dine-in,takeout"
342,Taco Bell #342,Taco Bell,7508 Cedar Ln,Jacksonville,FL,32280,30.285308,-81.665261,(323) 296-8570,7:00 AM - 10:00 PM,"drive-thru,dine-in,takeout"
343,Pizza Hut #343,Pizza Hut,3741 Park Blvd,Fort Worth,TX,76135,32.717645,-97.374633,(766) 581-2376,10:00 AM - 12:00 AM,"dine-in,takeout"
344,Habit Burger #344,Habit Burger,7365 Industrial Pkwy,Columbus,OH,43226,39.91338,-83.042353,(431) 539-3007,6:00 AM - 11:00 PM,"drive-thru,dine-in"
345,KFC #345,KFC,7196 University Ave,Charlotte,NC,28260,35.182164,-80.800687,(287) 230-7270,8:00 AM - 10:00 PM,"drive-thru,dine-in,takeout"
346,Taco Bell #346,Taco Bell,4605 Sunset Blvd,Indianapolis,IN,46267,39.753794,-86.11727,(462) 235-5026,10:00 AM - 12:00 AM,"drive-thru,dine-in"
347,Pizza Hut #347,Pizza Hut,1099 Oak Ave,San Francisco,CA,94145,37.766099,-122.414331,(946) 340-7868,9:00 AM - 11:00 PM,"dine-in,delivery,takeout"
348,Habit Burger #348,Habit Burger,419 2nd St,Seattle,WA,98155,47.619275,-122.301883,(987) 757-8940,6:00 AM - 12:00 AM,"dine-in,takeout,delivery,drive-thru"
349,KFC #349,KFC,5324 Lake Rd,Denver,CO,80238,39.728038,-105.022318,(800) 997-5602,6:00 AM - 11:00 PM,"drive-thru,dine-in"
350,Taco Bell #350,Taco Bell,3913 Washington Ave,Nashville,TN,37222,36.165643,-86.754916,(373) 872-4951,10:00 AM - 12:00 AM,"drive-thru,dine-in,delivery"
351,Pizza Hut #351,Pizza Hut,9532 College St,Oklahoma City,OK,73159,35.494005,-97.47162,(735) 377-3885,9:00 AM - 11:00 PM,"dine-in,takeout,delivery,drive-thru"
352,Habit Burger #352,Habit Burger,9792 Main St,Las Vegas,NV,89199,36.200521,-115.120037,(895) 781-3328,9:00 AM - 11:00 PM,"drive-thru,dine-in"
353,KFC #353,KFC,721 Oak Ave,Portland,OR,97217,45.519412,-122.710844,(973) 816-4584,6:00 AM - 11:00 PM,"drive-thru,dine-in"
354,Taco Bell #354,Taco Bell,3400 Industrial Pkwy,Memphis,TN,38126,35.099568,-90.00721,(385) 934-3907,6:00 AM - 12:00 AM,"drive-thru,dine-in,delivery"
355,Pizza Hut #355,Pizza Hut,2420 Commerce Blvd,Louisville,KY,40224,38.204891,-85.749839,(408) 573-2188,6:00 AM - 12:00 AM,dine-in
356,Habit Burger #356,Habit Burger,5385 Park Blvd,Atlanta,GA,30330,33.757602,-84.404344,(306) 854-8982,6:00 AM - 12:00 AM,"drive-thru,dine-in,takeout"
357,KFC #357,KFC,5946 Highland Dr,Miami,FL,33195,25.782418,-80.185602,(339) 379-7199,10:00 AM - 12:00 AM,"drive-thru,takeout"
358,Taco Bell #358,Taco Bell,9485 2nd St,Minneapolis,MN,55482,44.940535,-93.242117,(550) 386-6213,9:00 AM - 11:00 PM,"dine-in,takeout"
359,Pizza Hut #359,Pizza Hut,1374 Highland Dr,Tampa,FL,33654,27.994269,-82.493136,(335) 371-2453,6:00 AM - 12:00 AM,"drive-thru,dine-in"
360,Habit Burger #360,Habit Burger,1210 1st Ave,Detroit,MI,48242,42.28254,-83.074832,(481) 937-1020,6:00 AM - 11:00 PM,dine-in
361,KFC #361,KFC,2825 Airport Rd,Los Angeles,CA,90062,34.046022,-118.251735,(907) 587-6754,24 Hours,dine-in
362,Taco Bell #362,Taco Bell,9570 River Rd,New York,NY,10097,40.672943,-74.008051,(103) 366-8393,7:00 AM - 10:00 PM,"drive-thru,dine-in,delivery"
363,Pizza Hut #363,Pizza Hut,1815 Oak Ave,Chicago,IL,60653,41.857591,-87.647928,(602) 584-3636,7:00 AM - 10:00 PM,"dine-in,takeout"
364,Habit Burger #364,Habit Burger,8009 Valley View Dr,Houston,TX,77013,29.744195,-95.321272,(776) 869-3703,8:00 AM - 10:00 PM,"drive-thru,dine-in,takeout"
365,KFC #365,KFC,3212 3rd Ave,Phoenix,AZ,85099,33.403756,-112.090891,(858) 939-9849,10:00 AM - 12:00 AM,"drive-thru,takeout"
366,Taco Bell #366,Taco Bell,6537 Pine St,Philadelphia,PA,19180,39.93234,-75.205608,(197) 357-1893,6:00 AM - 12:00 AM,"drive-thru,dine-in,delivery"
367,Pizza Hut #367,Pizza Hut,9933 5th Ave,San Antonio,TX,78235,29.416861,-98.514145,(781) 226-4390,10:00 AM - 10:00 PM,"drive-thru,takeout"
368,Habit Burger #368,Habit Burger,1992 Lincoln Ave,San Diego,CA,92160,32.763406,-117.163743,(927) 700-5341,7:00 AM - 10:00 PM,dine-in
369,KFC #369,KFC,6152 Washington Ave,Dallas,TX,75267,32.745188,-96.758451,(750) 469-8204,11:00 AM - 11:00 PM,"drive-thru,takeout"
370,Taco Bell #370,Taco Bell,1109 Park Blvd,San Jose,CA,95199,37.310824,-121.909444,(951) 287-6632,24 Hours,dine-in
371,Pizza Hut #371,Pizza Hut,9170 Broadway,Austin,TX,78759,30.314271,-97.734127,(788) 628-9773,11:00 AM - 11:00 PM,"dine-in,delivery,takeout"
372,Habit Burger #372,Habit Burger,668 Maple Dr,Jacksonville,FL,32283,30.329826,-81.697804,(328) 785-3415,7:00 AM - 10:00 PM,"drive-thru,dine-in"
373,KFC #373,KFC,3571 Industrial Pkwy,Fort Worth,TX,76134,32.722788,-97.282363,(762) 243-7936,7:00 AM - 10:00 PM,dine-in
374,Taco Bell #374,Taco Bell,2522 University Ave,Columbus,OH,43286,39.931392,-82.966544,(434) 527-2097,7:00 AM - 10:00 PM,dine-in
375,Pizza Hut #375,Pizza Hut,4625 Maple Dr,Charlotte,NC,28268,35.232736,-80.837895,(280) 917-9561,8:00 AM - 10:00 PM,"dine-in,takeout"
376,Habit Burger #376,Habit Burger,9732 Pine St,Indianapolis,IN,46222,39.759844,-86.19328,(461) 776-2654,10:00 AM - 12:00 AM,"dine-in,takeout,delivery,drive-thru"
377,KFC #377,KFC,8055 Pine St,San Francisco,CA,94187,37.812689,-122.442986,(947) 238-3821,10:00 AM - 12:00 AM,dine-in
378,Taco Bell #378,Taco Bell,6681 Broadway,Seattle,WA,98160,47.570585,-122.321234,(985) 907-4892,6:00 AM - 11:00 PM,"drive-thru,dine-in"
379,Pizza Hut #379,Pizza Hut,431 Central Ave,Denver,CO,80248,39.781283,-104.950597,(804) 487-9054,7:00 AM - 10:00 PM,"dine-in,delivery,takeout"
380,Habit Burger #380,Habit Burger,7359 Commerce Blvd,Nashville,TN,37251,36.126139,-86.734178,(374) 946-7828,7:00 AM - 10:00 PM,"dine-in,delivery,takeout"
381,KFC #381,KFC,6771 Hillcrest Ave,Oklahoma City,OK,73172,35.461772,-97.475057,(738) 582-1920,24 Hours,"drive-thru,dine-in,takeout"
382,Taco Bell #382,Taco Bell,6709 Park Blvd,Las Vegas,NV,89177,36.126462,-115.118843,(899) 229-3846,9:00 AM - 11:00 PM,"dine-in,delivery,takeout"
383,Pizza Hut #383,Pizza Hut,7578 Broadway,Portland,OR,97256,45.548898,-122.703451,(973) 480-7035,11:00 AM - 11:00 PM,dine-in
384,Habit Burger #384,Habit Burger,600 Highland Dr,Memphis,TN,38157,35.163041,-90.086613,(387) 808-8308,10:00 AM - 10:00 PM,"drive-thru,dine-in"
385,KFC #385,KFC,2779 University Ave,Louisville,KY,40243,38.261388,-85.773524,(401) 491-1449,8:00 AM - 10:00 PM,"drive-thru,dine-in,delivery"
386,Taco Bell #386,Taco Bell,3611 College St,Atlanta,GA,30338,33.715291,-84.380774,(303) 893-4387,10:00 AM - 12:00 AM,dine-in
387,Pizza Hut #387,Pizza Hut,245 5th Ave,Miami,FL,33126,25.763028,-80.155337,(332) 815-1138,9:00 AM - 11:00 PM,"drive-thru,takeout"
388,Habit Burger #388,Habit Burger,4611 3rd Ave,Minneapolis,MN,55458,44.988634,-93.2207,(555) 670-5128,9:00 AM - 11:00 PM,"drive-thru,dine-in"
389,KFC #389,KFC,6606 Pine St,Tampa,FL,33623,27.930815,-82.455136,(330) 723-7131,24 Hours,"drive-thru,takeout"
390,Taco Bell #390,Taco Bell,1145 Central Ave,Detroit,MI,48245,42.311248,-83.08499,(485) 483-5278,10:00 AM - 12:00 AM,"dine-in,delivery,takeout"
391,Pizza Hut #391,Pizza Hut,1030 Industrial Pkwy,Los Angeles,CA,90086,34.017193,-118.217153,(906) 876-6236,10:00 AM - 10:00 PM,"drive-thru,dine-in,delivery"
392,Habit Burger #392,Habit Burger,4350 Harbor Blvd,New York,NY,10063,40.72834,-73.956253,(106) 597-1578,9:00 AM - 11:00 PM,"dine-in,takeout,delivery,drive-thru"
393,KFC #393,KFC,8859 River Rd,Chicago,IL,60670,41.900755,-87.657564,(605) 719-5918,10:00 AM - 10:00 PM,"drive-thru,dine-in,takeout"
394,Taco Bell #394,Taco Bell,4337 Hillcrest Ave,Houston,TX,77081,29.739778,-95.372722,(772) 896-6499,7:00 AM - 10:00 PM,"dine-in,delivery,takeout"
395,Pizza Hut #395,Pizza Hut,5131 3rd Ave,Phoenix,AZ,85052,33.433928,-112.049579,(855) 466-5817,11:00 AM - 11:00 PM,"dine-in,takeout"
396,Habit Burger #396,Habit Burger,9661 Pine St,Philadelphia,PA,19189,39.949654,-75.128561,(191) 683-4187,24 Hours,"dine-in,takeout"
397,KFC #397,KFC,4988 3rd Ave,San Antonio,TX,78216,29.46085,-98.505433,(782) 340-4281,6:00 AM - 12:00 AM,dine-in
398,Taco Bell #398,Taco Bell,7596 Park Blvd,San Diego,CA,92150,32.764419,-117.121815,(922) 997-2324,11:00 AM - 11:00 PM,"dine-in,takeout,delivery,drive-thru"
399,Pizza Hut #399,Pizza Hut,1050 Main St,Dallas,TX,75267,32.789803,-96.829318,(754) 414-3762,10:00 AM - 10:00 PM,"drive-thru,dine-in"
400,Habit Burger #400,Habit Burger,2220 Lake Rd,San Jose,CA,95165,37.366721,-121.858325,(956) 613-8029,11:00 AM - 11:00 PM,dine-in
401,KFC #401,KFC,6212 Main St,Austin,TX,78751,30.217667,-97.739722,(788) 395-1293,6:00 AM - 11:00 PM,"dine-in,delivery,takeout"
402,Taco Bell #402,Taco Bell,5213 Park Blvd,Jacksonville,FL,32223,30.304827,-81.618001,(326) 715-6015,10:00 AM - 10:00 PM,"dine-in,takeout"
403,Pizza Hut #403,Pizza Hut,4864 4th St,Fort Worth,TX,76176,32.787884,-97.35098,(769) 736-6535,8:00 AM - 10:00 PM,"drive-thru,dine-in,takeout"
404,Habit Burger #404,Habit Burger,5985 Commerce Blvd,Columbus,OH,43234,39.945473,-82.958662,(432) 613-1313,9:00 AM - 11:00 PM,"dine-in,delivery,takeout"
405,KFC #405,KFC,459 Pine St,Charlotte,NC,28274,35.249817,-80.879979,(282) 326-7006,6:00 AM - 11:00 PM,dine-in
406,Taco Bell #406,Taco Bell,8861 Lake Rd,Indianapolis,IN,46216,39.806054,-86.182521,(469) 249-2771,6:00 AM - 11:00 PM,"drive-thru,dine-in,delivery"
407,Pizza Hut #407,Pizza Hut,6330 Elm St,San Francisco,CA,94180,37.793875,-122.427722,(944) 685-3508,9:00 AM - 11:00 PM,"drive-thru,dine-in,delivery"
408,Habit Burger #408,Habit Burger,8624 Sunset Blvd,Seattle,WA,98189,47.586312,-122.315934,(989) 917-3247,8:00 AM - 10:00 PM,"dine-in,takeout"
409,KFC #409,KFC,4731 Elm St,Denver,CO,80223,39.740358,-104.97853,(807) 403-4272,10:00 AM - 12:00 AM,"dine-in,delivery,takeout"
410,Taco Bell #410,Taco Bell,2727 Broadway,Nashville,TN,37280,36.148492,-86.790624,(377) 412-8875,6:00 AM - 12:00 AM,"dine-in,delivery,takeout"
411,Pizza Hut #411,Pizza Hut,1909 University Ave,Oklahoma City,OK,73183,35.417874,-97.499237,(737) 352-2475,24 Hours,"dine-in,takeout"
412,Habit Burger #412,Habit Burger,4292 River Rd,Las Vegas,NV,89139,36.192256,-115.179671,(897) 503-5327,11:00 AM - 11:00 PM,"drive-thru,dine-in,delivery"
413,KFC #413,KFC,746 College St,Portland,OR,97247,45.475181,-122.71093,(975) 893-6123,8:00 AM - 10:00 PM,"dine-in,takeout"
414,Taco Bell #414,Taco Bell,851 Main St,Memphis,TN,38127,35.109,-90.02318,(382) 536-6857,11:00 AM - 11:00 PM,"drive-thru,takeout"
415,Pizza Hut #415,Pizza Hut,5715 Washington Ave,Louisville,KY,40224,38.290548,-85.799205,(406) 609-8479,10:00 AM - 12:00 AM,dine-in
416,Habit Burger #416,Habit Burger,7009 River Rd,Atlanta,GA,30331,33.76799,-84.390175,(301) 335-1960,10:00 AM - 10:00 PM,"dine-in,takeout"
417,KFC #417,KFC,9421 Spring St,Miami,FL,33166,25.753303,-80.182725,(332) 825-7221,6:00 AM - 12:00 AM,"drive-thru,dine-in,delivery"
418,Taco Bell #418,Taco Bell,2240 5th Ave,Minneapolis,MN,55472,45.014058,-93.227005,(551) 621-8220,6:00 AM - 11:00 PM,"dine-in,takeout"
419,Pizza Hut #419,Pizza Hut,8698 Commerce Blvd,Tampa,FL,33683,27.926761,-82.475776,(339) 429-6542,24 Hours,"dine-in,takeout"
420,Habit Burger #420,Habit Burger,7995 1st Ave,Detroit,MI,48294,42.324685,-83.023135,(486) 352-1894,6:00 AM - 11:00 PM,"drive-thru,dine-in,takeout"
421,KFC #421,KFC,8223 College St,Los Angeles,CA,90031,34.052757,-118.246771,(901) 969-9055,6:00 AM - 12:00 AM,"dine-in,delivery,takeout"
422,Taco Bell #422,Taco Bell,8405 Highland Dr,New York,NY,10080,40.695889,-74.028184,(106) 612-4850,7:00 AM - 10:00 PM,"drive-thru,dine-in"
423,Pizza Hut #423,Pizza Hut,1542 College St,Chicago,IL,60673,41.872519,-87.622497,(607) 523-2944,11:00 AM - 11:00 PM,"drive-thru,dine-in,delivery"
424,Habit Burger #424,Habit Burger,9228 Cedar Ln,Houston,TX,77010,29.720664,-95.378566,(771) 818-5990,24 Hours,"dine-in,delivery,takeout"
425,KFC #425,KFC,5684 1st Ave,Phoenix,AZ,85016,33.46386,-112.078379,(853) 665-6439,24 Hours,"drive-thru,dine-in"
426,Taco Bell #426,Taco Bell,7514 Elm St,Philadelphia,PA,19122,39.974266,-75.178871,(193) 202-6592,6:00 AM - 12:00 AM,"drive-thru,takeout"
427,Pizza Hut #427,Pizza Hut,1841 Broadway,San Antonio,TX,78231,29.428869,-98.506211,(787) 343-7704,7:00 AM - 10:00 PM,"drive-thru,takeout"
428,Habit Burger #428,Habit Burger,6537 Market St,San Diego,CA,92168,32.726785,-117.192346,(923) 933-6536,7:00 AM - 10:00 PM,dine-in
429,KFC #429,KFC,9747 Elm St,Dallas,TX,75267,32.73135,-96.783676,(757) 874-9260,10:00 AM - 10:00 PM,"drive-thru,dine-in"
430,Taco Bell #430,Taco Bell,9164 Harbor Blvd,San Jose,CA,95165,37.288634,-121.862679,(959) 694-9328,10:00 AM - 10:00 PM,"drive-thru,dine-in,takeout"
431,Pizza Hut #431,Pizza Hut,6447 Spring St,Austin,TX,78786,30.290249,-97.780262,(789) 529-9259,8:00 AM - 10:00 PM,dine-in
432,Habit Burger #432,Habit Burger,4167 Sunset Blvd,Jacksonville,FL,32260,30.38015,-81.614109,(325) 501-8419,10:00 AM - 10:00 PM,"drive-thru,dine-in,takeout"
433,KFC #433,KFC,8493 Lincoln Ave,Fort Worth,TX,76199,32.746775,-97.310799,(768) 521-4560,9:00 AM - 11:00 PM,"dine-in,delivery,takeout"
434,Taco Bell #434,Taco Bell,5757 Harbor Blvd,Columbus,OH,43296,39.973617,-83.019742,(432) 927-3913,24 Hours,"dine-in,takeout,delivery,drive-thru"
435,Pizza Hut #435,Pizza Hut,9312 5th Ave,Charlotte,NC,28284,35.248135,-80.817022,(289) 883-7839,24 Hours,"drive-thru,takeout"
436,Habit Burger #436,Habit Burger,309 Maple Dr,Indianapolis,IN,46223,39.806148,-86.165861,(460) 590-3381,6:00 AM - 11:00 PM,"drive-thru,dine-in,delivery"
437,KFC #437,KFC,2736 Lincoln Ave,San Francisco,CA,94197,37.74489,-122.394381,(944) 349-2016,10:00 AM - 12:00 AM,"dine-in,delivery,takeout"
438,Taco Bell #438,Taco Bell,7515 Elm St,Seattle,WA,98188,47.631559,-122.378869,(988) 429-7371,9:00 AM - 11:00 PM,"drive-thru,takeout"
439,Pizza Hut #439,Pizza Hut,6351 2nd St,Denver,CO,80263,39.758494,-105.035602,(805) 765-1881,6:00 AM - 11:00 PM,"drive-thru,takeout"
440,Habit Burger #440,Habit Burger,7359 University Ave,Nashville,TN,37238,36.133009,-86.744715,(375) 973-9955,9:00 AM - 11:00 PM,"dine-in,delivery,takeout"
441,KFC #441,KFC,1320 Washington Ave,Oklahoma City,OK,73132,35.447018,-97.548657,(738) 322-7180,6:00 AM - 11:00 PM,dine-in
442,Taco Bell #442,Taco Bell,2736 Pine St,Las Vegas,NV,89142,36.147811,-115.163376,(890) 538-8640,10:00 AM - 10:00 PM,"drive-thru,dine-in,delivery"
443,Pizza Hut #443,Pizza Hut,933 Commerce Blvd,Portland,OR,97290,45.48057,-122.696137,(979) 877-5934,11:00 AM - 11:00 PM,"dine-in,takeout,delivery,drive-thru"
444,Habit Burger #444,Habit Burger,8708 Highland Dr,Memphis,TN,38133,35.106788,-90.028232,(388) 269-9276,10:00 AM - 10:00 PM,dine-in
445,KFC #445,KFC,5824 Highland Dr,Louisville,KY,40237,38.257008,-85.768158,(405) 539-6911,10:00 AM - 12:00 AM,"dine-in,delivery,takeout"
446,Taco Bell #446,Taco Bell,7880 Cedar Ln,Atlanta,GA,30393,33.794031,-84.376172,(300) 317-6668,11:00 AM - 11:00 PM,"dine-in,delivery,takeout"
447,Pizza Hut #447,Pizza Hut,4094 Broadway,Miami,FL,33197,25.80215,-80.18043,(335) 590-2857,8:00 AM - 10:00 PM,"drive-thru,takeout"
448,Habit Burger #448,Habit Burger,8568 University Ave,Minneapolis,MN,55457,44.981824,-93.286717,(558) 720-8300,11:00 AM - 11:00 PM,"drive-thru,dine-in,delivery"
449,KFC #449,KFC,5348 Maple Dr,Tampa,FL,33620,27.930243,-82.442047,(331) 371-9814,24 Hours,"drive-thru,dine-in,delivery"
450,Taco Bell #450,Taco Bell,3592 College St,Detroit,MI,48297,42.344093,-83.074722,(486) 306-4368,24 Hours,dine-in
451,Pizza Hut #451,Pizza Hut,2619 Main St,Los Angeles,CA,90068,34.066856,-118.199725,(905) 238-2433,7:00 AM - 10:00 PM,"drive-thru,dine-in,delivery"
452,Habit Burger #452,Habit Burger,1254 Pine St,New York,NY,10039,40.680599,-74.030809,(104) 617-7357,11:00 AM - 11:00 PM,dine-in
453,KFC #453,KFC,2038 Cedar Ln,Chicago,IL,60610,41.871403,-87.678111,(609) 264-1745,7:00 AM - 10:00 PM,"dine-in,takeout,delivery,drive-thru"
454,Taco Bell #454,Taco Bell,5037 Lake Rd,Houston,TX,77021,29.803205,-95.409186,(774) 983-8170,8:00 AM - 10:00 PM,dine-in
455,Pizza Hut #455,Pizza Hut,2661 Cedar Ln,Phoenix,AZ,85038,33.480612,-112.120918,(852) 964-7406,24 Hours,"drive-thru,takeout"
456,Habit Burger #456,Habit Burger,6213 Main St,Philadelphia,PA,19180,39.998613,-75.200792,(198) 344-3019,6:00 AM - 11:00 PM,"drive-thru,dine-in,delivery"
457,KFC #457,KFC,9070 Oak Ave,San Antonio,TX,78249,29.431372,-98.504192,(783) 966-6633,9:00 AM - 11:00 PM,dine-in
458,Taco Bell #458,Taco Bell,2433 Washington Ave,San Diego,CA,92133,32.756263,-117.125954,(923) 831-5140,9:00 AM - 11:00 PM,"dine-in,takeout"
459,Pizza Hut #459,Pizza Hut,991 College St,Dallas,TX,75280,32.744836,-96.767034,(757) 860-2198,10:00 AM - 12:00 AM,"dine-in,takeout"
460,Habit Burger #460,Habit Burger,9612 5th Ave,San Jose,CA,95152,37.313269,-121.916558,(955) 331-4842,7:00 AM - 10:00 PM,"drive-thru,takeout"
461,KFC #461,KFC,5306 5th Ave,Austin,TX,78767,30.279152,-97.703088,(785) 831-6008,10:00 AM - 10:00 PM,"dine-in,takeout,delivery,drive-thru"
462,Taco Bell #462,Taco Bell,2862 Main St,Jacksonville,FL,32250,30.36297,-81.609834,(323) 426-8145,10:00 AM - 12:00 AM,"dine-in,takeout,delivery,drive-thru"
463,Pizza Hut #463,Pizza Hut,7963 4th St,Fort Worth,TX,76167,32.718931,-97.307503,(765) 993-6004,11:00 AM - 11:00 PM,"dine-in,takeout"
464,Habit Burger #464,Habit Burger,4697 College St,Columbus,OH,43227,39.928777,-82.988137,(438) 401-5312,7:00 AM - 10:00 PM,"dine-in,takeout"
465,KFC #465,KFC,611 University Ave,Charlotte,NC,28284,35.266311,-80.808141,(289) 614-4485,6:00 AM - 11:00 PM,"drive-thru,takeout"
466,Taco Bell #466,Taco Bell,7834 River Rd,Indianapolis,IN,46229,39.772747,-86.108227,(465) 601-4658,10:00 AM - 12:00 AM,"drive-thru,dine-in,takeout"
467,Pizza Hut #467,Pizza Hut,6600 1st Ave,San Francisco,CA,94174,37.77137,-122.418359,(940) 878-4913,10:00 AM - 10:00 PM,"drive-thru,dine-in,takeout"
468,Habit Burger #468,Habit Burger,9370 Spring St,Seattle,WA,98128,47.600822,-122.364185,(987) 567-1662,9:00 AM - 11:00 PM,"drive-thru,dine-in"
469,KFC #469,KFC,3934 Broadway,Denver,CO,80295,39.712375,-105.013864,(803) 730-6918,8:00 AM - 10:00 PM,"drive-thru,dine-in"
470,Taco Bell #470,Taco Bell,753 River Rd,Nashville,TN,37251,36.20449,-86.743445,(371) 920-9542,10:00 AM - 12:00 AM,"drive-thru,takeout"
471,Pizza Hut #471,Pizza Hut,6271 River Rd,Oklahoma City,OK,73158,35.475463,-97.509384,(735) 801-2275,24 Hours,"drive-thru,takeout"
472,Habit Burger #472,Habit Burger,8560 2nd St,Las Vegas,NV,89155,36.157533,-115.099076,(895) 698-8898,6:00 AM - 11:00 PM,"drive-thru,dine-in,takeout"
473,KFC #473,KFC,8530 River Rd,Portland,OR,97245,45.50919,-122.705401,(973) 353-4062,10:00 AM - 10:00 PM,"dine-in,takeout,delivery,drive-thru"
474,Taco Bell #474,Taco Bell,3873 3rd Ave,Memphis,TN,38152,35.159702,-90.017304,(381) 693-8844,11:00 AM - 11:00 PM,"dine-in,delivery,takeout"
475,Pizza Hut #475,Pizza Hut,6832 Main St,Louisville,KY,40241,38.261779,-85.743774,(400) 330-3639,10:00 AM - 10:00 PM,"drive-thru,dine-in,delivery"
476,Habit Burger #476,Habit Burger,2825 Sunset Blvd,Atlanta,GA,30333,33.78808,-84.423313,(308) 615-1305,10:00 AM - 12:00 AM,"dine-in,takeout"
477,KFC #477,KFC,7823 College St,Miami,FL,33171,25.733359,-80.181147,(332) 424-7730,10:00 AM - 10:00 PM,"drive-thru,dine-in,takeout"
478,Taco Bell #478,Taco Bell,2847 Hillcrest Ave,Minneapolis,MN,55497,44.990121,-93.26392,(555) 664-2127,9:00 AM - 11:00 PM,dine-in
479,Pizza Hut #479,Pizza Hut,3415 Maple Dr,Tampa,FL,33674,27.939146,-82.496343,(336) 353-2577,10:00 AM - 10:00 PM,"drive-thru,dine-in"
480,Habit Burger #480,Habit Burger,8806 Maple Dr,Detroit,MI,48225,42.371561,-83.035819,(481) 693-3135,24 Hours,"drive-thru,dine-in,delivery"
481,KFC #481,KFC,7169 Maple Dr,Los Angeles,CA,90063,34.091897,-118.216213,(905) 244-9680,8:00 AM - 10:00 PM,"dine-in,delivery,takeout"
482,Taco Bell #482,Taco Bell,6346 1st Ave,New York,NY,10085,40.756642,-74.007788,(109) 300-7971,10:00 AM - 10:00 PM,"drive-thru,takeout"
483,Pizza Hut #483,Pizza Hut,1473 Lincoln Ave,Chicago,IL,60686,41.875814,-87.656549,(608) 618-5223,9:00 AM - 11:00 PM,"drive-thru,dine-in,delivery"
484,Habit Burger #484,Habit Burger,9569 Maple Dr,Houston,TX,77025,29.781315,-95.340858,(778) 207-7144,9:00 AM - 11:00 PM,"dine-in,takeout,delivery,drive-thru"
485,KFC #485,KFC,7080 River Rd,Phoenix,AZ,85084,33.439285,-112.113342,(854) 467-9783,8:00 AM - 10:00 PM,"dine-in,takeout,delivery,drive-thru"
486,Taco Bell #486,Taco Bell,6611 Commerce Blvd,Philadelphia,PA,19136,39.963788,-75.11602,(196) 765-8904,10:00 AM - 10:00 PM,"dine-in,takeout,delivery,drive-thru"
487,Pizza Hut #487,Pizza Hut,5124 Pine St,San Antonio,TX,78254,29.430009,-98.495224,(786) 953-3262,7:00 AM - 10:00 PM,"dine-in,delivery,takeout"
488,Habit Burger #488,Habit Burger,2750 Elm St,San Diego,CA,92137,32.710359,-117.141169,(928) 610-6544,24 Hours,"drive-thru,dine-in,delivery"
489,KFC #489,KFC,186 Industrial Pkwy,Dallas,TX,75221,32.742774,-96.750543,(752) 682-8133,7:00 AM - 10:00 PM,"dine-in,takeout"
490,Taco Bell #490,Taco Bell,718 Hillcrest Ave,San Jose,CA,95159,37.314509,-121.899216,(956) 828-9536,10:00 AM - 12:00 AM,"drive-thru,dine-in,delivery"
491,Pizza Hut #491,Pizza Hut,8199 4th St,Austin,TX,78711,30.311772,-97.711077,(783) 872-9489,10:00 AM - 12:00 AM,"dine-in,delivery,takeout"
492,Habit Burger #492,Habit Burger,8551 Valley View Dr,Jacksonville,FL,32239,30.285561,-81.645749,(329) 373-1590,6:00 AM - 12:00 AM,"dine-in,delivery,takeout"
493,KFC #493,KFC,1522 Sunset Blvd,Fort Worth,TX,76161,32.771002,-97.283235,(765) 885-7474,8:00 AM - 10:00 PM,"dine-in,delivery,takeout"
494,Taco Bell #494,Taco Bell,1224 Harbor Blvd,Columbus,OH,43221,39.962974,-82.975107,(438) 491-6703,6:00 AM - 12:00 AM,"drive-thru,takeout"
495,Pizza Hut #495,Pizza Hut,7550 Harbor Blvd,Charlotte,NC,28261,35.19973,-80.796794,(289) 204-5277,10:00 AM - 10:00 PM,dine-in
496,Habit Burger #496,Habit Burger,8343 Lincoln Ave,Indianapolis,IN,46253,39.769024,-86.152237,(461) 725-5222,24 Hours,"drive-thru,takeout"
497,KFC #497,KFC,9326 5th Ave,San Francisco,CA,94141,37.794319,-122.372794,(945) 994-8517,11:00 AM - 11:00 PM,"drive-thru,dine-in,delivery"
498,Taco Bell #498,Taco Bell,6369 River Rd,Seattle,WA,98138,47.604397,-122.356318,(983) 523-7757,6:00 AM - 12:00 AM,"drive-thru,dine-in,delivery"
499,Pizza Hut #499,Pizza Hut,4806 Oak Ave,Denver,CO,80261,39.759282,-105.013965,(805) 277-3924,11:00 AM - 11:00 PM,"dine-in,takeout,delivery,drive-thru"
500,Habit Burger #500,Habit Burger,4508 Washington Ave,Nashville,TN,37297,36.148054,-86.742168,(373) 710-4271,9:00 AM - 11:00 PM,"dine-in,delivery,takeout"
